/root/autodl-tmp/syn/AMBA_filter_60_onefolder/amba_ahb_10_Pre/sysS/42.spectra,2,572,57335,Corrent,Not Detect Early,Real
/root/autodl-tmp/syn/AMBA_filter_60_onefolder/amba_ahb_10_Pre/sysS/41.spectra,2,572,60123,Corrent,Not Detect Early,Real
/root/autodl-tmp/syn/AMBA_filter_60_onefolder/amba_ahb_10_Pre/sysS/40.spectra,2,572,34183,Corrent,Not Detect Early,Real
/root/autodl-tmp/syn/AMBA_filter_60_onefolder/amba_ahb_10_Pre/sysS/39.spectra,2,572,40114,Corrent,Not Detect Early,Real
/root/autodl-tmp/syn/AMBA_filter_60_onefolder/amba_ahb_10_Pre/sysS/38.spectra,2,528,29481,Corrent,Not Detect Early,Real
/root/autodl-tmp/syn/AMBA_filter_60_onefolder/amba_ahb_10_Pre/sysS/37.spectra,2,528,6226,Corrent,Not Detect Early,Real
/root/autodl-tmp/syn/AMBA_filter_60_onefolder/amba_ahb_10_Pre/sysS/36.spectra,2,484,11666,Corrent,Not Detect Early,Real
/root/autodl-tmp/syn/AMBA_filter_60_onefolder/amba_ahb_10_Pre/sysS/35.spectra,2,484,46745,Corrent,Not Detect Early,Real
/root/autodl-tmp/syn/AMBA_filter_60_onefolder/amba_ahb_10_Pre/sysS/34.spectra,2,22,10431,Corrent,Detect Early,Real
/root/autodl-tmp/syn/AMBA_filter_60_onefolder/amba_ahb_10_Pre/sysS/33.spectra,2,22,12,Corrent,Detect Early,Real
/root/autodl-tmp/syn/AMBA_filter_60_onefolder/amba_ahb_10_Pre/sysS/32.spectra,2,22,868,Corrent,Detect Early,Real
/root/autodl-tmp/syn/AMBA_filter_60_onefolder/amba_ahb_10_Pre/sysS/31.spectra,2,22,3,Corrent,Detect Early,Real
/root/autodl-tmp/syn/AMBA_filter_60_onefolder/amba_ahb_10_Pre/sysS/30.spectra,2,22,3,Corrent,Detect Early,Real
/root/autodl-tmp/syn/AMBA_filter_60_onefolder/amba_ahb_10_Pre/sysS/29.spectra,TIME-OUT-30
/root/autodl-tmp/syn/AMBA_filter_60_onefolder/amba_ahb_6_Pre/sysS/30.spectra,2,252,3743,Corrent,Not Detect Early,Real
/root/autodl-tmp/syn/AMBA_filter_60_onefolder/amba_ahb_6_Pre/sysS/29.spectra,2,252,9534,Corrent,Not Detect Early,Real
/root/autodl-tmp/syn/AMBA_filter_60_onefolder/amba_ahb_6_Pre/sysS/28.spectra,2,252,2827,Corrent,Not Detect Early,Real
/root/autodl-tmp/syn/AMBA_filter_60_onefolder/amba_ahb_6_Pre/sysS/27.spectra,2,252,1707,Corrent,Not Detect Early,Real
/root/autodl-tmp/syn/AMBA_filter_60_onefolder/amba_ahb_6_Pre/sysS/26.spectra,2,224,5030,Corrent,Not Detect Early,Real
/root/autodl-tmp/syn/AMBA_filter_60_onefolder/amba_ahb_6_Pre/sysS/25.spectra,2,224,1270,Corrent,Not Detect Early,Real
/root/autodl-tmp/syn/AMBA_filter_60_onefolder/amba_ahb_6_Pre/sysS/24.spectra,2,196,939,Corrent,Not Detect Early,Real
/root/autodl-tmp/syn/AMBA_filter_60_onefolder/amba_ahb_6_Pre/sysS/23.spectra,2,196,1205,Corrent,Not Detect Early,Real
/root/autodl-tmp/syn/AMBA_filter_60_onefolder/amba_ahb_6_Pre/sysS/22.spectra,2,14,6,Corrent,Detect Early,Real
/root/autodl-tmp/syn/AMBA_filter_60_onefolder/amba_ahb_6_Pre/sysS/21.spectra,2,14,6,Corrent,Detect Early,Real
/root/autodl-tmp/syn/AMBA_filter_60_onefolder/amba_ahb_6_Pre/sysS/20.spectra,2,14,2,Corrent,Detect Early,Real
/root/autodl-tmp/syn/AMBA_filter_60_onefolder/amba_ahb_6_Pre/sysS/19.spectra,2,14,128,Corrent,Detect Early,Real
/root/autodl-tmp/syn/AMBA_filter_60_onefolder/amba_ahb_6_Pre/sysS/18.spectra,2,14,2,Corrent,Detect Early,Real
/root/autodl-tmp/syn/AMBA_filter_60_onefolder/amba_ahb_5_Pre/sysS/27.spectra,2,192,1683,Corrent,Not Detect Early,Real
/root/autodl-tmp/syn/AMBA_filter_60_onefolder/amba_ahb_5_Pre/sysS/26.spectra,2,192,4583,Corrent,Not Detect Early,Real
/root/autodl-tmp/syn/AMBA_filter_60_onefolder/amba_ahb_5_Pre/sysS/25.spectra,2,192,2171,Corrent,Not Detect Early,Real
/root/autodl-tmp/syn/AMBA_filter_60_onefolder/amba_ahb_5_Pre/sysS/24.spectra,2,192,2287,Corrent,Not Detect Early,Real
/root/autodl-tmp/syn/AMBA_filter_60_onefolder/amba_ahb_5_Pre/sysS/23.spectra,2,168,2776,Corrent,Not Detect Early,Real
/root/autodl-tmp/syn/AMBA_filter_60_onefolder/amba_ahb_5_Pre/sysS/22.spectra,2,168,3044,Corrent,Not Detect Early,Real
/root/autodl-tmp/syn/AMBA_filter_60_onefolder/amba_ahb_5_Pre/sysS/21.spectra,2,144,499,Corrent,Not Detect Early,Real
/root/autodl-tmp/syn/AMBA_filter_60_onefolder/amba_ahb_5_Pre/sysS/20.spectra,2,144,424,Corrent,Not Detect Early,Real
/root/autodl-tmp/syn/AMBA_filter_60_onefolder/amba_ahb_5_Pre/sysS/19.spectra,2,12,209,Corrent,Detect Early,Real
/root/autodl-tmp/syn/AMBA_filter_60_onefolder/amba_ahb_5_Pre/sysS/18.spectra,2,12,160,Corrent,Detect Early,Real
/root/autodl-tmp/syn/AMBA_filter_60_onefolder/amba_ahb_5_Pre/sysS/17.spectra,2,12,1,Corrent,Detect Early,Real
/root/autodl-tmp/syn/AMBA_filter_60_onefolder/amba_ahb_5_Pre/sysS/16.spectra,2,12,1,Corrent,Detect Early,Real
/root/autodl-tmp/syn/AMBA_filter_60_onefolder/amba_ahb_5_Pre/sysS/15.spectra,2,12,43,Corrent,Detect Early,Real
/root/autodl-tmp/syn/AMBA_filter_60_onefolder/amba_ahb_7_Pre/sysS/33.spectra,2,320,15453,Corrent,Not Detect Early,Real
/root/autodl-tmp/syn/AMBA_filter_60_onefolder/amba_ahb_7_Pre/sysS/32.spectra,2,320,12197,Corrent,Not Detect Early,Real
/root/autodl-tmp/syn/AMBA_filter_60_onefolder/amba_ahb_7_Pre/sysS/31.spectra,2,320,14150,Corrent,Not Detect Early,Real
/root/autodl-tmp/syn/AMBA_filter_60_onefolder/amba_ahb_7_Pre/sysS/30.spectra,2,320,6783,Corrent,Not Detect Early,Real
/root/autodl-tmp/syn/AMBA_filter_60_onefolder/amba_ahb_7_Pre/sysS/29.spectra,2,288,26666,Corrent,Not Detect Early,Real
/root/autodl-tmp/syn/AMBA_filter_60_onefolder/amba_ahb_7_Pre/sysS/28.spectra,2,288,1481,Corrent,Not Detect Early,Real
/root/autodl-tmp/syn/AMBA_filter_60_onefolder/amba_ahb_7_Pre/sysS/27.spectra,2,256,16152,Corrent,Not Detect Early,Real
/root/autodl-tmp/syn/AMBA_filter_60_onefolder/amba_ahb_7_Pre/sysS/26.spectra,2,256,1387,Corrent,Not Detect Early,Real
/root/autodl-tmp/syn/AMBA_filter_60_onefolder/amba_ahb_7_Pre/sysS/25.spectra,2,16,478,Corrent,Detect Early,Real
/root/autodl-tmp/syn/AMBA_filter_60_onefolder/amba_ahb_7_Pre/sysS/24.spectra,2,16,4,Corrent,Detect Early,Real
/root/autodl-tmp/syn/AMBA_filter_60_onefolder/amba_ahb_7_Pre/sysS/23.spectra,2,16,2,Corrent,Detect Early,Real
/root/autodl-tmp/syn/AMBA_filter_60_onefolder/amba_ahb_7_Pre/sysS/22.spectra,2,16,2,Corrent,Detect Early,Real
/root/autodl-tmp/syn/AMBA_filter_60_onefolder/amba_ahb_7_Pre/sysS/21.spectra,2,16,174,Corrent,Detect Early,Real
/root/autodl-tmp/syn/AMBA_filter_60_onefolder/amba_ahb_8_Pre/sysS/36.spectra,2,396,21339,Corrent,Not Detect Early,Real
/root/autodl-tmp/syn/AMBA_filter_60_onefolder/amba_ahb_8_Pre/sysS/35.spectra,2,396,23503,Corrent,Not Detect Early,Real
/root/autodl-tmp/syn/AMBA_filter_60_onefolder/amba_ahb_8_Pre/sysS/34.spectra,2,396,14620,Corrent,Not Detect Early,Real
/root/autodl-tmp/syn/AMBA_filter_60_onefolder/amba_ahb_8_Pre/sysS/33.spectra,2,396,9732,Corrent,Not Detect Early,Real
/root/autodl-tmp/syn/AMBA_filter_60_onefolder/amba_ahb_8_Pre/sysS/32.spectra,2,360,5136,Corrent,Not Detect Early,Real
/root/autodl-tmp/syn/AMBA_filter_60_onefolder/amba_ahb_8_Pre/sysS/31.spectra,2,360,5852,Corrent,Not Detect Early,Real
/root/autodl-tmp/syn/AMBA_filter_60_onefolder/amba_ahb_8_Pre/sysS/30.spectra,2,324,2685,Corrent,Not Detect Early,Real
/root/autodl-tmp/syn/AMBA_filter_60_onefolder/amba_ahb_8_Pre/sysS/29.spectra,2,324,994,Corrent,Not Detect Early,Real
/root/autodl-tmp/syn/AMBA_filter_60_onefolder/amba_ahb_8_Pre/sysS/28.spectra,2,18,16,Corrent,Detect Early,Real
/root/autodl-tmp/syn/AMBA_filter_60_onefolder/amba_ahb_8_Pre/sysS/27.spectra,2,18,177,Corrent,Detect Early,Real
/root/autodl-tmp/syn/AMBA_filter_60_onefolder/amba_ahb_8_Pre/sysS/26.spectra,2,18,21,Corrent,Detect Early,Real
/root/autodl-tmp/syn/AMBA_filter_60_onefolder/amba_ahb_8_Pre/sysS/25.spectra,2,18,2,Corrent,Detect Early,Real
/root/autodl-tmp/syn/AMBA_filter_60_onefolder/amba_ahb_8_Pre/sysS/24.spectra,2,18,252,Corrent,Detect Early,Real
/root/autodl-tmp/syn/AMBA_filter_60_onefolder/amba_ahb_9_Pre/sysS/39.spectra,2,480,6724,Corrent,Not Detect Early,Real
/root/autodl-tmp/syn/AMBA_filter_60_onefolder/amba_ahb_9_Pre/sysS/38.spectra,2,480,15301,Corrent,Not Detect Early,Real
/root/autodl-tmp/syn/AMBA_filter_60_onefolder/amba_ahb_9_Pre/sysS/37.spectra,2,480,62912,Corrent,Not Detect Early,Real
/root/autodl-tmp/syn/AMBA_filter_60_onefolder/amba_ahb_9_Pre/sysS/36.spectra,2,480,27884,Corrent,Not Detect Early,Real
/root/autodl-tmp/syn/AMBA_filter_60_onefolder/amba_ahb_9_Pre/sysS/35.spectra,2,440,75574,Corrent,Not Detect Early,Real
/root/autodl-tmp/syn/AMBA_filter_60_onefolder/amba_ahb_9_Pre/sysS/34.spectra,2,440,5781,Corrent,Not Detect Early,Real
/root/autodl-tmp/syn/AMBA_filter_60_onefolder/amba_ahb_9_Pre/sysS/33.spectra,2,400,11506,Corrent,Not Detect Early,Real
/root/autodl-tmp/syn/AMBA_filter_60_onefolder/amba_ahb_9_Pre/sysS/32.spectra,2,400,1927,Corrent,Not Detect Early,Real
/root/autodl-tmp/syn/AMBA_filter_60_onefolder/amba_ahb_9_Pre/sysS/31.spectra,2,20,12943,Corrent,Detect Early,Real
/root/autodl-tmp/syn/AMBA_filter_60_onefolder/amba_ahb_9_Pre/sysS/30.spectra,2,20,12,Corrent,Detect Early,Real
/root/autodl-tmp/syn/AMBA_filter_60_onefolder/amba_ahb_9_Pre/sysS/29.spectra,2,20,4,Corrent,Detect Early,Real
/root/autodl-tmp/syn/AMBA_filter_60_onefolder/amba_ahb_9_Pre/sysS/28.spectra,2,20,2,Corrent,Detect Early,Real
/root/autodl-tmp/syn/AMBA_filter_60_onefolder/amba_ahb_9_Pre/sysS/27.spectra,2,20,313,Corrent,Detect Early,Real
/root/autodl-tmp/syn/AMBA_filter_60_onefolder/genbuf_110_Pre/sysS/26.spectra,2,1360,10730,Corrent,Not Detect Early,Real
/root/autodl-tmp/syn/AMBA_filter_60_onefolder/genbuf_110_Pre/sysS/25.spectra,2,486,331,Corrent,Not Detect Early,Real
/root/autodl-tmp/syn/AMBA_filter_60_onefolder/genbuf_110_Pre/sysS/24.spectra,2,482,127,Corrent,Not Detect Early,Real
/root/autodl-tmp/syn/AMBA_filter_60_onefolder/genbuf_110_Pre/sysS/23.spectra,2,1804,2489,Corrent,Not Detect Early,Real
/root/autodl-tmp/syn/AMBA_filter_60_onefolder/genbuf_110_Pre/sysS/22.spectra,2,1810,2459,Corrent,Not Detect Early,Real
/root/autodl-tmp/syn/AMBA_filter_60_onefolder/genbuf_110_Pre/sysS/21.spectra,2,2460,2363,Corrent,Not Detect Early,Real
/root/autodl-tmp/syn/AMBA_filter_60_onefolder/genbuf_110_Pre/sysS/20.spectra,2,2698,6901,Corrent,Not Detect Early,Real
/root/autodl-tmp/syn/AMBA_filter_60_onefolder/genbuf_110_Pre/sysS/19.spectra,2,2698,7275,Corrent,Not Detect Early,Real
/root/autodl-tmp/syn/AMBA_filter_60_onefolder/genbuf_110_Pre/sysS/18.spectra,2,2012,2487,Corrent,Detect Early,Real
/root/autodl-tmp/syn/AMBA_filter_60_onefolder/genbuf_110_Pre/sysS/17.spectra,2,2012,16274,Corrent,Detect Early,Real
/root/autodl-tmp/syn/AMBA_filter_60_onefolder/genbuf_110_Pre/sysS/16.spectra,2,2012,2350,Corrent,Detect Early,Real
/root/autodl-tmp/syn/AMBA_filter_60_onefolder/genbuf_110_Pre/sysS/15.spectra,2,2012,2399,Corrent,Detect Early,Real
/root/autodl-tmp/syn/AMBA_filter_60_onefolder/genbuf_110_Pre/sysS/14.spectra,2,2012,2316,Corrent,Detect Early,Real
/root/autodl-tmp/syn/AMBA_filter_60_onefolder/genbuf_110_Pre/sysS/13.spectra,2,2460,2334,Corrent,Not Detect Early,Real
/root/autodl-tmp/syn/AMBA_filter_60_onefolder/genbuf_110_Pre/sysS/12.spectra,2,2460,2314,Corrent,Not Detect Early,Real
/root/autodl-tmp/syn/AMBA_filter_60_onefolder/genbuf_110_Pre/sysS/11.spectra,2,1570,97,Corrent,Not Detect Early,Real
/root/autodl-tmp/syn/AMBA_filter_60_onefolder/genbuf_110_Pre/sysS/10.spectra,2,1570,973,Corrent,Not Detect Early,Real
/root/autodl-tmp/syn/AMBA_filter_60_onefolder/genbuf_110_Pre/sysS/9.spectra,2,900,802,Corrent,Detect Early,Real
/root/autodl-tmp/syn/AMBA_filter_60_onefolder/genbuf_110_Pre/sysS/8.spectra,2,898,276,Corrent,Not Detect Early,Real
/root/autodl-tmp/syn/AMBA_filter_60_onefolder/genbuf_110_Pre/sysS/7.spectra,2,898,419,Corrent,Not Detect Early,Real
/root/autodl-tmp/syn/AMBA_filter_60_onefolder/genbuf_110_Pre/sysS/6.spectra,2,452,20,Corrent,Not Detect Early,Real
/root/autodl-tmp/syn/AMBA_filter_60_onefolder/genbuf_110_Pre/sysS/5.spectra,2,444,9,Corrent,Not Detect Early,Real
/root/autodl-tmp/syn/AMBA_filter_60_onefolder/genbuf_110_Pre/sysS/4.spectra,2,444,9,Corrent,Not Detect Early,Real
/root/autodl-tmp/syn/AMBA_filter_60_onefolder/genbuf_110_Pre/sysS/3.spectra,2,2,1,Corrent,Detect Early,Real
/root/autodl-tmp/syn/AMBA_filter_60_onefolder/genbuf_110_Pre/sysS/2.spectra,2,2,1,Corrent,Detect Early,Real
/root/autodl-tmp/syn/AMBA_filter_60_onefolder/genbuf_110_Pre/sysS/1.spectra,2,2,2,Corrent,Detect Early,Real
/root/autodl-tmp/syn/AMBA_filter_60_onefolder/genbuf_110_Pre/sysS/0.spectra,2,2,2,Corrent,Detect Early,Real
/root/autodl-tmp/syn/AMBA_filter_60_onefolder/genbuf_100_Pre/sysS/26.spectra,2,1240,8936,Corrent,Not Detect Early,Real
/root/autodl-tmp/syn/AMBA_filter_60_onefolder/genbuf_100_Pre/sysS/25.spectra,2,446,2830,Corrent,Not Detect Early,Real
/root/autodl-tmp/syn/AMBA_filter_60_onefolder/genbuf_100_Pre/sysS/24.spectra,2,442,163,Corrent,Not Detect Early,Real
/root/autodl-tmp/syn/AMBA_filter_60_onefolder/genbuf_100_Pre/sysS/23.spectra,2,1644,2085,Corrent,Not Detect Early,Real
/root/autodl-tmp/syn/AMBA_filter_60_onefolder/genbuf_100_Pre/sysS/22.spectra,2,1650,1924,Corrent,Not Detect Early,Real
/root/autodl-tmp/syn/AMBA_filter_60_onefolder/genbuf_100_Pre/sysS/21.spectra,2,2240,1867,Corrent,Not Detect Early,Real
/root/autodl-tmp/syn/AMBA_filter_60_onefolder/genbuf_100_Pre/sysS/20.spectra,2,2458,5247,Corrent,Not Detect Early,Real
/root/autodl-tmp/syn/AMBA_filter_60_onefolder/genbuf_100_Pre/sysS/19.spectra,2,2458,5341,Corrent,Not Detect Early,Real
/root/autodl-tmp/syn/AMBA_filter_60_onefolder/genbuf_100_Pre/sysS/18.spectra,2,1832,1859,Corrent,Detect Early,Real
/root/autodl-tmp/syn/AMBA_filter_60_onefolder/genbuf_100_Pre/sysS/17.spectra,2,1832,1823,Corrent,Detect Early,Real
/root/autodl-tmp/syn/AMBA_filter_60_onefolder/genbuf_100_Pre/sysS/16.spectra,2,1832,1781,Corrent,Detect Early,Real
/root/autodl-tmp/syn/AMBA_filter_60_onefolder/genbuf_100_Pre/sysS/15.spectra,2,1832,1778,Corrent,Detect Early,Real
/root/autodl-tmp/syn/AMBA_filter_60_onefolder/genbuf_100_Pre/sysS/14.spectra,2,1832,2137,Corrent,Detect Early,Real
/root/autodl-tmp/syn/AMBA_filter_60_onefolder/genbuf_100_Pre/sysS/13.spectra,2,2240,1770,Corrent,Not Detect Early,Real
/root/autodl-tmp/syn/AMBA_filter_60_onefolder/genbuf_100_Pre/sysS/12.spectra,2,2240,1910,Corrent,Not Detect Early,Real
/root/autodl-tmp/syn/AMBA_filter_60_onefolder/genbuf_100_Pre/sysS/11.spectra,2,1430,84,Corrent,Not Detect Early,Real
/root/autodl-tmp/syn/AMBA_filter_60_onefolder/genbuf_100_Pre/sysS/10.spectra,2,1430,753,Corrent,Not Detect Early,Real
/root/autodl-tmp/syn/AMBA_filter_60_onefolder/genbuf_100_Pre/sysS/9.spectra,2,820,591,Corrent,Detect Early,Real
/root/autodl-tmp/syn/AMBA_filter_60_onefolder/genbuf_100_Pre/sysS/8.spectra,2,818,234,Corrent,Not Detect Early,Real
/root/autodl-tmp/syn/AMBA_filter_60_onefolder/genbuf_100_Pre/sysS/7.spectra,2,818,230,Corrent,Not Detect Early,Real
/root/autodl-tmp/syn/AMBA_filter_60_onefolder/genbuf_100_Pre/sysS/6.spectra,2,412,19,Corrent,Not Detect Early,Real
/root/autodl-tmp/syn/AMBA_filter_60_onefolder/genbuf_100_Pre/sysS/5.spectra,2,404,7,Corrent,Not Detect Early,Real
/root/autodl-tmp/syn/AMBA_filter_60_onefolder/genbuf_100_Pre/sysS/4.spectra,2,404,8,Corrent,Not Detect Early,Real
/root/autodl-tmp/syn/AMBA_filter_60_onefolder/genbuf_100_Pre/sysS/3.spectra,2,2,1,Corrent,Detect Early,Real
/root/autodl-tmp/syn/AMBA_filter_60_onefolder/genbuf_100_Pre/sysS/2.spectra,2,2,2,Corrent,Detect Early,Real
/root/autodl-tmp/syn/AMBA_filter_60_onefolder/genbuf_100_Pre/sysS/1.spectra,2,2,1,Corrent,Detect Early,Real
/root/autodl-tmp/syn/AMBA_filter_60_onefolder/genbuf_100_Pre/sysS/0.spectra,2,2,2,Corrent,Detect Early,Real
/root/autodl-tmp/syn/AMBA_filter_60_onefolder/genbuf_120_Pre/sysS/26.spectra,2,1480,13631,Corrent,Not Detect Early,Real
/root/autodl-tmp/syn/AMBA_filter_60_onefolder/genbuf_120_Pre/sysS/25.spectra,2,526,464,Corrent,Not Detect Early,Real
/root/autodl-tmp/syn/AMBA_filter_60_onefolder/genbuf_120_Pre/sysS/24.spectra,2,522,159,Corrent,Not Detect Early,Real
/root/autodl-tmp/syn/AMBA_filter_60_onefolder/genbuf_120_Pre/sysS/23.spectra,2,1964,3257,Corrent,Not Detect Early,Real
/root/autodl-tmp/syn/AMBA_filter_60_onefolder/genbuf_120_Pre/sysS/22.spectra,2,1970,3000,Corrent,Not Detect Early,Real
/root/autodl-tmp/syn/AMBA_filter_60_onefolder/genbuf_120_Pre/sysS/21.spectra,2,2680,3072,Corrent,Not Detect Early,Real
/root/autodl-tmp/syn/AMBA_filter_60_onefolder/genbuf_120_Pre/sysS/20.spectra,2,2938,8710,Corrent,Not Detect Early,Real
/root/autodl-tmp/syn/AMBA_filter_60_onefolder/genbuf_120_Pre/sysS/19.spectra,2,2938,8650,Corrent,Not Detect Early,Real
/root/autodl-tmp/syn/AMBA_filter_60_onefolder/genbuf_120_Pre/sysS/18.spectra,2,2192,3087,Corrent,Detect Early,Real
/root/autodl-tmp/syn/AMBA_filter_60_onefolder/genbuf_120_Pre/sysS/17.spectra,2,2192,3166,Corrent,Detect Early,Real
/root/autodl-tmp/syn/AMBA_filter_60_onefolder/genbuf_120_Pre/sysS/16.spectra,2,2192,2976,Corrent,Detect Early,Real
/root/autodl-tmp/syn/AMBA_filter_60_onefolder/genbuf_120_Pre/sysS/15.spectra,2,2192,3291,Corrent,Detect Early,Real
/root/autodl-tmp/syn/AMBA_filter_60_onefolder/genbuf_120_Pre/sysS/14.spectra,2,2192,3141,Corrent,Detect Early,Real
/root/autodl-tmp/syn/AMBA_filter_60_onefolder/genbuf_120_Pre/sysS/13.spectra,2,2680,3092,Corrent,Not Detect Early,Real
/root/autodl-tmp/syn/AMBA_filter_60_onefolder/genbuf_120_Pre/sysS/12.spectra,2,2680,3208,Corrent,Not Detect Early,Real
/root/autodl-tmp/syn/AMBA_filter_60_onefolder/genbuf_120_Pre/sysS/11.spectra,2,1710,120,Corrent,Not Detect Early,Real
/root/autodl-tmp/syn/AMBA_filter_60_onefolder/genbuf_120_Pre/sysS/10.spectra,2,1710,1326,Corrent,Not Detect Early,Real
/root/autodl-tmp/syn/AMBA_filter_60_onefolder/genbuf_120_Pre/sysS/9.spectra,2,980,1047,Corrent,Detect Early,Real
/root/autodl-tmp/syn/AMBA_filter_60_onefolder/genbuf_120_Pre/sysS/8.spectra,2,978,367,Corrent,Not Detect Early,Real
/root/autodl-tmp/syn/AMBA_filter_60_onefolder/genbuf_120_Pre/sysS/7.spectra,2,978,355,Corrent,Not Detect Early,Real
/root/autodl-tmp/syn/AMBA_filter_60_onefolder/genbuf_120_Pre/sysS/6.spectra,2,492,25,Corrent,Not Detect Early,Real
/root/autodl-tmp/syn/AMBA_filter_60_onefolder/genbuf_120_Pre/sysS/5.spectra,2,484,11,Corrent,Not Detect Early,Real
/root/autodl-tmp/syn/AMBA_filter_60_onefolder/genbuf_120_Pre/sysS/4.spectra,2,484,11,Corrent,Not Detect Early,Real
/root/autodl-tmp/syn/AMBA_filter_60_onefolder/genbuf_120_Pre/sysS/3.spectra,2,2,2,Corrent,Detect Early,Real
/root/autodl-tmp/syn/AMBA_filter_60_onefolder/genbuf_120_Pre/sysS/2.spectra,2,2,1,Corrent,Detect Early,Real
/root/autodl-tmp/syn/AMBA_filter_60_onefolder/genbuf_120_Pre/sysS/1.spectra,2,2,2,Corrent,Detect Early,Real
/root/autodl-tmp/syn/AMBA_filter_60_onefolder/genbuf_120_Pre/sysS/0.spectra,2,2,2,Corrent,Detect Early,Real
/root/autodl-tmp/syn/AMBA_filter_60_onefolder/genbuf_130_Pre/sysS/26.spectra,2,1600,16094,Corrent,Not Detect Early,Real
/root/autodl-tmp/syn/AMBA_filter_60_onefolder/genbuf_130_Pre/sysS/25.spectra,2,566,386,Corrent,Not Detect Early,Real
/root/autodl-tmp/syn/AMBA_filter_60_onefolder/genbuf_130_Pre/sysS/24.spectra,2,562,197,Corrent,Not Detect Early,Real
/root/autodl-tmp/syn/AMBA_filter_60_onefolder/genbuf_130_Pre/sysS/23.spectra,2,2124,4212,Corrent,Not Detect Early,Real
/root/autodl-tmp/syn/AMBA_filter_60_onefolder/genbuf_130_Pre/sysS/22.spectra,2,2130,4112,Corrent,Not Detect Early,Real
/root/autodl-tmp/syn/AMBA_filter_60_onefolder/genbuf_130_Pre/sysS/21.spectra,2,2900,4105,Corrent,Not Detect Early,Real
/root/autodl-tmp/syn/AMBA_filter_60_onefolder/genbuf_130_Pre/sysS/20.spectra,2,3178,11755,Corrent,Not Detect Early,Real
/root/autodl-tmp/syn/AMBA_filter_60_onefolder/genbuf_130_Pre/sysS/19.spectra,2,3178,11927,Corrent,Not Detect Early,Real
/root/autodl-tmp/syn/AMBA_filter_60_onefolder/genbuf_130_Pre/sysS/18.spectra,2,2372,3981,Corrent,Detect Early,Real
/root/autodl-tmp/syn/AMBA_filter_60_onefolder/genbuf_130_Pre/sysS/17.spectra,2,2372,3898,Corrent,Detect Early,Real
/root/autodl-tmp/syn/AMBA_filter_60_onefolder/genbuf_130_Pre/sysS/16.spectra,2,2372,3911,Corrent,Detect Early,Real
/root/autodl-tmp/syn/AMBA_filter_60_onefolder/genbuf_130_Pre/sysS/15.spectra,2,2372,3859,Corrent,Detect Early,Real
/root/autodl-tmp/syn/AMBA_filter_60_onefolder/genbuf_130_Pre/sysS/14.spectra,2,2372,3824,Corrent,Detect Early,Real
/root/autodl-tmp/syn/AMBA_filter_60_onefolder/genbuf_130_Pre/sysS/13.spectra,2,2900,3802,Corrent,Not Detect Early,Real
/root/autodl-tmp/syn/AMBA_filter_60_onefolder/genbuf_130_Pre/sysS/12.spectra,2,2900,3937,Corrent,Not Detect Early,Real
/root/autodl-tmp/syn/AMBA_filter_60_onefolder/genbuf_130_Pre/sysS/11.spectra,2,1850,124,Corrent,Not Detect Early,Real
/root/autodl-tmp/syn/AMBA_filter_60_onefolder/genbuf_130_Pre/sysS/10.spectra,2,1850,1571,Corrent,Not Detect Early,Real
/root/autodl-tmp/syn/AMBA_filter_60_onefolder/genbuf_130_Pre/sysS/9.spectra,2,1060,1287,Corrent,Detect Early,Real
/root/autodl-tmp/syn/AMBA_filter_60_onefolder/genbuf_130_Pre/sysS/8.spectra,2,1058,425,Corrent,Not Detect Early,Real
/root/autodl-tmp/syn/AMBA_filter_60_onefolder/genbuf_130_Pre/sysS/7.spectra,2,1058,413,Corrent,Not Detect Early,Real
/root/autodl-tmp/syn/AMBA_filter_60_onefolder/genbuf_130_Pre/sysS/6.spectra,2,532,27,Corrent,Not Detect Early,Real
/root/autodl-tmp/syn/AMBA_filter_60_onefolder/genbuf_130_Pre/sysS/5.spectra,2,524,13,Corrent,Not Detect Early,Real
/root/autodl-tmp/syn/AMBA_filter_60_onefolder/genbuf_130_Pre/sysS/4.spectra,2,524,12,Corrent,Not Detect Early,Real
/root/autodl-tmp/syn/AMBA_filter_60_onefolder/genbuf_130_Pre/sysS/3.spectra,2,2,2,Corrent,Detect Early,Real
/root/autodl-tmp/syn/AMBA_filter_60_onefolder/genbuf_130_Pre/sysS/2.spectra,2,2,2,Corrent,Detect Early,Real
/root/autodl-tmp/syn/AMBA_filter_60_onefolder/genbuf_130_Pre/sysS/1.spectra,2,2,2,Corrent,Detect Early,Real
/root/autodl-tmp/syn/AMBA_filter_60_onefolder/genbuf_130_Pre/sysS/0.spectra,2,2,2,Corrent,Detect Early,Real
/root/autodl-tmp/syn/AMBA_filter_60_onefolder/genbuf_90_Pre/sysS/26.spectra,2,1120,7657,Corrent,Not Detect Early,Real
/root/autodl-tmp/syn/AMBA_filter_60_onefolder/genbuf_90_Pre/sysS/25.spectra,2,406,195,Corrent,Not Detect Early,Real
/root/autodl-tmp/syn/AMBA_filter_60_onefolder/genbuf_90_Pre/sysS/24.spectra,2,402,88,Corrent,Not Detect Early,Real
/root/autodl-tmp/syn/AMBA_filter_60_onefolder/genbuf_90_Pre/sysS/23.spectra,2,1484,1586,Corrent,Not Detect Early,Real
/root/autodl-tmp/syn/AMBA_filter_60_onefolder/genbuf_90_Pre/sysS/22.spectra,2,1490,1507,Corrent,Not Detect Early,Real
/root/autodl-tmp/syn/AMBA_filter_60_onefolder/genbuf_90_Pre/sysS/21.spectra,2,2020,3895,Corrent,Not Detect Early,Real
/root/autodl-tmp/syn/AMBA_filter_60_onefolder/genbuf_90_Pre/sysS/20.spectra,2,2218,4181,Corrent,Not Detect Early,Real
/root/autodl-tmp/syn/AMBA_filter_60_onefolder/genbuf_90_Pre/sysS/19.spectra,2,2218,3947,Corrent,Not Detect Early,Real
/root/autodl-tmp/syn/AMBA_filter_60_onefolder/genbuf_90_Pre/sysS/18.spectra,2,1652,1426,Corrent,Detect Early,Real
/root/autodl-tmp/syn/AMBA_filter_60_onefolder/genbuf_90_Pre/sysS/17.spectra,2,1652,1456,Corrent,Detect Early,Real
/root/autodl-tmp/syn/AMBA_filter_60_onefolder/genbuf_90_Pre/sysS/16.spectra,2,1652,1349,Corrent,Detect Early,Real
/root/autodl-tmp/syn/AMBA_filter_60_onefolder/genbuf_90_Pre/sysS/15.spectra,2,1652,1369,Corrent,Detect Early,Real
/root/autodl-tmp/syn/AMBA_filter_60_onefolder/genbuf_90_Pre/sysS/14.spectra,2,1652,1384,Corrent,Detect Early,Real
/root/autodl-tmp/syn/AMBA_filter_60_onefolder/genbuf_90_Pre/sysS/13.spectra,2,2020,1378,Corrent,Not Detect Early,Real
/root/autodl-tmp/syn/AMBA_filter_60_onefolder/genbuf_90_Pre/sysS/12.spectra,2,2020,1277,Corrent,Not Detect Early,Real
/root/autodl-tmp/syn/AMBA_filter_60_onefolder/genbuf_90_Pre/sysS/11.spectra,2,1290,71,Corrent,Not Detect Early,Real
/root/autodl-tmp/syn/AMBA_filter_60_onefolder/genbuf_90_Pre/sysS/10.spectra,2,1290,617,Corrent,Not Detect Early,Real
/root/autodl-tmp/syn/AMBA_filter_60_onefolder/genbuf_90_Pre/sysS/9.spectra,2,740,485,Corrent,Detect Early,Real
/root/autodl-tmp/syn/AMBA_filter_60_onefolder/genbuf_90_Pre/sysS/8.spectra,2,738,197,Corrent,Not Detect Early,Real
/root/autodl-tmp/syn/AMBA_filter_60_onefolder/genbuf_90_Pre/sysS/7.spectra,2,738,199,Corrent,Not Detect Early,Real
/root/autodl-tmp/syn/AMBA_filter_60_onefolder/genbuf_90_Pre/sysS/6.spectra,2,372,16,Corrent,Not Detect Early,Real
/root/autodl-tmp/syn/AMBA_filter_60_onefolder/genbuf_90_Pre/sysS/5.spectra,2,364,7,Corrent,Not Detect Early,Real
/root/autodl-tmp/syn/AMBA_filter_60_onefolder/genbuf_90_Pre/sysS/4.spectra,2,364,8,Corrent,Not Detect Early,Real
/root/autodl-tmp/syn/AMBA_filter_60_onefolder/genbuf_90_Pre/sysS/3.spectra,2,2,1,Corrent,Detect Early,Real
/root/autodl-tmp/syn/AMBA_filter_60_onefolder/genbuf_90_Pre/sysS/2.spectra,2,2,1,Corrent,Detect Early,Real
/root/autodl-tmp/syn/AMBA_filter_60_onefolder/genbuf_90_Pre/sysS/1.spectra,2,2,1,Corrent,Detect Early,Real
/root/autodl-tmp/syn/AMBA_filter_60_onefolder/genbuf_90_Pre/sysS/0.spectra,2,2,2,Corrent,Detect Early,Real
/root/autodl-tmp/syn/AMBA_filter_60_onefolder/genbuf_80_Pre/sysS/26.spectra,2,1000,5452,Corrent,Not Detect Early,Real
/root/autodl-tmp/syn/AMBA_filter_60_onefolder/genbuf_80_Pre/sysS/25.spectra,2,366,165,Corrent,Not Detect Early,Real
/root/autodl-tmp/syn/AMBA_filter_60_onefolder/genbuf_80_Pre/sysS/24.spectra,2,362,84,Corrent,Not Detect Early,Real
/root/autodl-tmp/syn/AMBA_filter_60_onefolder/genbuf_80_Pre/sysS/23.spectra,2,1324,1269,Corrent,Not Detect Early,Real
/root/autodl-tmp/syn/AMBA_filter_60_onefolder/genbuf_80_Pre/sysS/22.spectra,2,1330,1173,Corrent,Not Detect Early,Real
/root/autodl-tmp/syn/AMBA_filter_60_onefolder/genbuf_80_Pre/sysS/21.spectra,2,1800,1142,Corrent,Not Detect Early,Real
/root/autodl-tmp/syn/AMBA_filter_60_onefolder/genbuf_80_Pre/sysS/20.spectra,2,1978,3158,Corrent,Not Detect Early,Real
/root/autodl-tmp/syn/AMBA_filter_60_onefolder/genbuf_80_Pre/sysS/19.spectra,2,1978,3165,Corrent,Not Detect Early,Real
/root/autodl-tmp/syn/AMBA_filter_60_onefolder/genbuf_80_Pre/sysS/18.spectra,2,1472,1179,Corrent,Detect Early,Real
/root/autodl-tmp/syn/AMBA_filter_60_onefolder/genbuf_80_Pre/sysS/17.spectra,2,1472,3058,Corrent,Detect Early,Real
/root/autodl-tmp/syn/AMBA_filter_60_onefolder/genbuf_80_Pre/sysS/16.spectra,2,1472,1095,Corrent,Detect Early,Real
/root/autodl-tmp/syn/AMBA_filter_60_onefolder/genbuf_80_Pre/sysS/15.spectra,2,1472,1248,Corrent,Detect Early,Real
/root/autodl-tmp/syn/AMBA_filter_60_onefolder/genbuf_80_Pre/sysS/14.spectra,2,1472,1055,Corrent,Detect Early,Real
/root/autodl-tmp/syn/AMBA_filter_60_onefolder/genbuf_80_Pre/sysS/13.spectra,2,1800,1063,Corrent,Not Detect Early,Real
/root/autodl-tmp/syn/AMBA_filter_60_onefolder/genbuf_80_Pre/sysS/12.spectra,2,1800,1074,Corrent,Not Detect Early,Real
/root/autodl-tmp/syn/AMBA_filter_60_onefolder/genbuf_80_Pre/sysS/11.spectra,2,1150,63,Corrent,Not Detect Early,Real
/root/autodl-tmp/syn/AMBA_filter_60_onefolder/genbuf_80_Pre/sysS/10.spectra,2,1150,486,Corrent,Not Detect Early,Real
/root/autodl-tmp/syn/AMBA_filter_60_onefolder/genbuf_80_Pre/sysS/9.spectra,2,660,376,Corrent,Detect Early,Real
/root/autodl-tmp/syn/AMBA_filter_60_onefolder/genbuf_80_Pre/sysS/8.spectra,2,658,217,Corrent,Not Detect Early,Real
/root/autodl-tmp/syn/AMBA_filter_60_onefolder/genbuf_80_Pre/sysS/7.spectra,2,658,215,Corrent,Not Detect Early,Real
/root/autodl-tmp/syn/AMBA_filter_60_onefolder/genbuf_80_Pre/sysS/6.spectra,2,332,19,Corrent,Not Detect Early,Real
/root/autodl-tmp/syn/AMBA_filter_60_onefolder/genbuf_80_Pre/sysS/5.spectra,2,324,9,Corrent,Not Detect Early,Real
/root/autodl-tmp/syn/AMBA_filter_60_onefolder/genbuf_80_Pre/sysS/4.spectra,2,324,6,Corrent,Not Detect Early,Real
/root/autodl-tmp/syn/AMBA_filter_60_onefolder/genbuf_80_Pre/sysS/3.spectra,2,2,1,Corrent,Detect Early,Real
/root/autodl-tmp/syn/AMBA_filter_60_onefolder/genbuf_80_Pre/sysS/2.spectra,2,2,2,Corrent,Detect Early,Real
/root/autodl-tmp/syn/AMBA_filter_60_onefolder/genbuf_80_Pre/sysS/1.spectra,2,2,1,Corrent,Detect Early,Real
/root/autodl-tmp/syn/AMBA_filter_60_onefolder/genbuf_80_Pre/sysS/0.spectra,2,2,2,Corrent,Detect Early,Real
