/root/autodl-tmp/syn/AMBA_filter_60_onefolder/amba_ahb_10_Pre/sysS/34.spectra,TIME-OUT-30
/root/autodl-tmp/syn/AMBA_filter_60_onefolder/amba_ahb_10_Pre/sysS/35.spectra,TIME-OUT-30
/root/autodl-tmp/syn/AMBA_filter_60_onefolder/amba_ahb_10_Pre/sysS/36.spectra,4,440,13302,Corrent,Not Detect Early,Real
/root/autodl-tmp/syn/AMBA_filter_60_onefolder/amba_ahb_10_Pre/sysS/37.spectra,TIME-OUT-30
/root/autodl-tmp/syn/AMBA_filter_60_onefolder/amba_ahb_10_Pre/sysS/38.spectra,4,528,242313,Corrent,Not Detect Early,Real
/root/autodl-tmp/syn/AMBA_filter_60_onefolder/amba_ahb_10_Pre/sysS/39.spectra,4,572,41723,Corrent,Not Detect Early,Real
/root/autodl-tmp/syn/AMBA_filter_60_onefolder/amba_ahb_10_Pre/sysS/40.spectra,4,572,76107,Corrent,Not Detect Early,Real
/root/autodl-tmp/syn/AMBA_filter_60_onefolder/amba_ahb_10_Pre/sysS/41.spectra,4,572,269473,Corrent,Not Detect Early,Real
/root/autodl-tmp/syn/AMBA_filter_60_onefolder/amba_ahb_10_Pre/sysS/42.spectra,4,528,103983,Corrent,Not Detect Early,Real
/root/autodl-tmp/syn/AMBA_filter_60_onefolder/amba_ahb_10_Pre/sysS/43.spectra,4,528,46417,Corrent,Not Detect Early,Real
/root/autodl-tmp/syn/AMBA_filter_60_onefolder/amba_ahb_10_Pre/sysS/44.spectra,4,484,106111,Corrent,Not Detect Early,Real
/root/autodl-tmp/syn/AMBA_filter_60_onefolder/amba_ahb_6_Pre/sysS/22.spectra,4,168,4571,Corrent,Not Detect Early,Real
/root/autodl-tmp/syn/AMBA_filter_60_onefolder/amba_ahb_6_Pre/sysS/23.spectra,4,168,39068,Corrent,Not Detect Early,Real
/root/autodl-tmp/syn/AMBA_filter_60_onefolder/amba_ahb_6_Pre/sysS/24.spectra,4,168,5252,Corrent,Not Detect Early,Real
/root/autodl-tmp/syn/AMBA_filter_60_onefolder/amba_ahb_6_Pre/sysS/25.spectra,4,224,1066092,Corrent,Not Detect Early,Real
/root/autodl-tmp/syn/AMBA_filter_60_onefolder/amba_ahb_6_Pre/sysS/26.spectra,4,224,5033,Corrent,Not Detect Early,Real
/root/autodl-tmp/syn/AMBA_filter_60_onefolder/amba_ahb_6_Pre/sysS/27.spectra,4,252,3520,Corrent,Not Detect Early,Real
/root/autodl-tmp/syn/AMBA_filter_60_onefolder/amba_ahb_6_Pre/sysS/28.spectra,4,252,2601,Corrent,Not Detect Early,Real
/root/autodl-tmp/syn/AMBA_filter_60_onefolder/amba_ahb_6_Pre/sysS/29.spectra,4,252,8928,Corrent,Not Detect Early,Real
/root/autodl-tmp/syn/AMBA_filter_60_onefolder/amba_ahb_6_Pre/sysS/30.spectra,4,224,3617,Corrent,Not Detect Early,Real
/root/autodl-tmp/syn/AMBA_filter_60_onefolder/amba_ahb_6_Pre/sysS/31.spectra,4,224,3029,Corrent,Not Detect Early,Real
/root/autodl-tmp/syn/AMBA_filter_60_onefolder/amba_ahb_6_Pre/sysS/32.spectra,4,196,6270,Corrent,Not Detect Early,Real
/root/autodl-tmp/syn/AMBA_filter_60_onefolder/amba_ahb_5_Pre/sysS/19.spectra,4,120,701,Corrent,Not Detect Early,Real
/root/autodl-tmp/syn/AMBA_filter_60_onefolder/amba_ahb_5_Pre/sysS/20.spectra,4,120,2408,Corrent,Not Detect Early,Real
/root/autodl-tmp/syn/AMBA_filter_60_onefolder/amba_ahb_5_Pre/sysS/21.spectra,4,120,1067,Corrent,Not Detect Early,Real
/root/autodl-tmp/syn/AMBA_filter_60_onefolder/amba_ahb_5_Pre/sysS/22.spectra,4,168,2598,Corrent,Not Detect Early,Real
/root/autodl-tmp/syn/AMBA_filter_60_onefolder/amba_ahb_5_Pre/sysS/23.spectra,4,168,1992,Corrent,Not Detect Early,Real
/root/autodl-tmp/syn/AMBA_filter_60_onefolder/amba_ahb_5_Pre/sysS/24.spectra,4,192,5008,Corrent,Not Detect Early,Real
/root/autodl-tmp/syn/AMBA_filter_60_onefolder/amba_ahb_5_Pre/sysS/25.spectra,4,192,5585,Corrent,Not Detect Early,Real
/root/autodl-tmp/syn/AMBA_filter_60_onefolder/amba_ahb_5_Pre/sysS/26.spectra,4,192,6955,Corrent,Not Detect Early,Real
/root/autodl-tmp/syn/AMBA_filter_60_onefolder/amba_ahb_5_Pre/sysS/27.spectra,4,168,2651,Corrent,Not Detect Early,Real
/root/autodl-tmp/syn/AMBA_filter_60_onefolder/amba_ahb_5_Pre/sysS/28.spectra,4,168,2106,Corrent,Not Detect Early,Real
/root/autodl-tmp/syn/AMBA_filter_60_onefolder/amba_ahb_5_Pre/sysS/29.spectra,4,144,3594,Corrent,Not Detect Early,Real
/root/autodl-tmp/syn/AMBA_filter_60_onefolder/amba_ahb_7_Pre/sysS/25.spectra,4,224,86557,Corrent,Not Detect Early,Real
/root/autodl-tmp/syn/AMBA_filter_60_onefolder/amba_ahb_7_Pre/sysS/26.spectra,4,224,73274,Corrent,Not Detect Early,Real
/root/autodl-tmp/syn/AMBA_filter_60_onefolder/amba_ahb_7_Pre/sysS/27.spectra,4,224,117346,Corrent,Not Detect Early,Real
/root/autodl-tmp/syn/AMBA_filter_60_onefolder/amba_ahb_7_Pre/sysS/28.spectra,4,288,184440,Corrent,Not Detect Early,Real
/root/autodl-tmp/syn/AMBA_filter_60_onefolder/amba_ahb_7_Pre/sysS/29.spectra,4,288,5515,Corrent,Not Detect Early,Real
/root/autodl-tmp/syn/AMBA_filter_60_onefolder/amba_ahb_7_Pre/sysS/30.spectra,4,320,6456,Corrent,Not Detect Early,Real
/root/autodl-tmp/syn/AMBA_filter_60_onefolder/amba_ahb_7_Pre/sysS/31.spectra,4,320,20314,Corrent,Not Detect Early,Real
/root/autodl-tmp/syn/AMBA_filter_60_onefolder/amba_ahb_7_Pre/sysS/32.spectra,4,320,18075,Corrent,Not Detect Early,Real
/root/autodl-tmp/syn/AMBA_filter_60_onefolder/amba_ahb_7_Pre/sysS/33.spectra,4,288,55606,Corrent,Not Detect Early,Real
/root/autodl-tmp/syn/AMBA_filter_60_onefolder/amba_ahb_7_Pre/sysS/34.spectra,4,288,5267,Corrent,Not Detect Early,Real
/root/autodl-tmp/syn/AMBA_filter_60_onefolder/amba_ahb_7_Pre/sysS/35.spectra,4,256,32028,Corrent,Not Detect Early,Real
/root/autodl-tmp/syn/AMBA_filter_60_onefolder/amba_ahb_8_Pre/sysS/28.spectra,4,288,32825,Corrent,Not Detect Early,Real
/root/autodl-tmp/syn/AMBA_filter_60_onefolder/amba_ahb_8_Pre/sysS/29.spectra,4,288,6509,Corrent,Not Detect Early,Real
/root/autodl-tmp/syn/AMBA_filter_60_onefolder/amba_ahb_8_Pre/sysS/30.spectra,4,288,808812,Corrent,Not Detect Early,Real
/root/autodl-tmp/syn/AMBA_filter_60_onefolder/amba_ahb_8_Pre/sysS/31.spectra,4,360,33040,Corrent,Not Detect Early,Real
