/root/autodl-tmp/syn/AMBA_filter_60_onefolder_NEDU/genbuf_100_Pre/envS/2.spectra,2,40,3093,Corrent,Detect Early,Unreal
/root/autodl-tmp/syn/AMBA_filter_60_onefolder_NEDU/genbuf_100_Pre/envS/3.spectra,2,40,5023,Corrent,Detect Early,Unreal
/root/autodl-tmp/syn/AMBA_filter_60_onefolder_NEDU/genbuf_100_Pre/envS/4.spectra,2,40,4002,Corrent,Detect Early,Unreal
/root/autodl-tmp/syn/AMBA_filter_60_onefolder_NEDU/genbuf_100_Pre/envS/5.spectra,2,40,5612,Corrent,Detect Early,Unreal
/root/autodl-tmp/syn/AMBA_filter_60_onefolder_NEDU/genbuf_100_Pre/envS/6.spectra,2,2276,507801,Corrent,Not Detect Early,Real
/root/autodl-tmp/syn/AMBA_filter_60_onefolder_NEDU/genbuf_100_Pre/envS/7.spectra,2,2262,1251112,Corrent,Not Detect Early,Real
/root/autodl-tmp/syn/AMBA_filter_60_onefolder_NEDU/genbuf_110_Pre/envS/2.spectra,2,40,5845,Corrent,Detect Early,Unreal
/root/autodl-tmp/syn/AMBA_filter_60_onefolder_NEDU/genbuf_110_Pre/envS/3.spectra,2,40,5528,Corrent,Detect Early,Unreal
/root/autodl-tmp/syn/AMBA_filter_60_onefolder_NEDU/genbuf_110_Pre/envS/4.spectra,2,40,5666,Corrent,Detect Early,Unreal
/root/autodl-tmp/syn/AMBA_filter_60_onefolder_NEDU/genbuf_110_Pre/envS/5.spectra,2,40,5669,Corrent,Detect Early,Unreal
/root/autodl-tmp/syn/AMBA_filter_60_onefolder_NEDU/genbuf_110_Pre/envS/6.spectra,2,2496,704904,Corrent,Not Detect Early,Real
/root/autodl-tmp/syn/AMBA_filter_60_onefolder_NEDU/genbuf_110_Pre/envS/7.spectra,2,2482,614057,Corrent,Not Detect Early,Real
/root/autodl-tmp/syn/AMBA_filter_60_onefolder_NEDU/genbuf_120_Pre/envS/2.spectra,2,40,8143,Corrent,Detect Early,Unreal
/root/autodl-tmp/syn/AMBA_filter_60_onefolder_NEDU/genbuf_120_Pre/envS/3.spectra,2,40,16725,Corrent,Detect Early,Unreal
/root/autodl-tmp/syn/AMBA_filter_60_onefolder_NEDU/genbuf_120_Pre/envS/4.spectra,2,40,6421,Corrent,Detect Early,Unreal
/root/autodl-tmp/syn/AMBA_filter_60_onefolder_NEDU/genbuf_120_Pre/envS/5.spectra,2,40,6858,Corrent,Detect Early,Unreal
/root/autodl-tmp/syn/AMBA_filter_60_onefolder_NEDU/genbuf_120_Pre/envS/6.spectra,2,2716,1573859,Corrent,Not Detect Early,Real
/root/autodl-tmp/syn/AMBA_filter_60_onefolder_NEDU/genbuf_120_Pre/envS/7.spectra,TIME-OUT-30
/root/autodl-tmp/syn/AMBA_filter_60_onefolder_NEDU/genbuf_130_Pre/envS/2.spectra,2,40,8876,Corrent,Detect Early,Unreal
/root/autodl-tmp/syn/AMBA_filter_60_onefolder_NEDU/genbuf_130_Pre/envS/3.spectra,2,40,9394,Corrent,Detect Early,Unreal
/root/autodl-tmp/syn/AMBA_filter_60_onefolder_NEDU/genbuf_130_Pre/envS/4.spectra,2,40,9453,Corrent,Detect Early,Unreal
/root/autodl-tmp/syn/AMBA_filter_60_onefolder_NEDU/genbuf_130_Pre/envS/5.spectra,2,40,9822,Corrent,Detect Early,Unreal
/root/autodl-tmp/syn/AMBA_filter_60_onefolder_NEDU/genbuf_130_Pre/envS/6.spectra,2,2936,1069551,Corrent,Not Detect Early,Real
/root/autodl-tmp/syn/AMBA_filter_60_onefolder_NEDU/genbuf_130_Pre/envS/7.spectra,2,2922,2532800,Corrent,Not Detect Early,Real
/root/autodl-tmp/syn/AMBA_filter_60_onefolder_NEDU/genbuf_80_Pre/envS/2.spectra,2,40,2144,Corrent,Detect Early,Unreal
/root/autodl-tmp/syn/AMBA_filter_60_onefolder_NEDU/genbuf_80_Pre/envS/3.spectra,2,40,2293,Corrent,Detect Early,Unreal
/root/autodl-tmp/syn/AMBA_filter_60_onefolder_NEDU/genbuf_80_Pre/envS/4.spectra,2,40,2019,Corrent,Detect Early,Unreal
/root/autodl-tmp/syn/AMBA_filter_60_onefolder_NEDU/genbuf_80_Pre/envS/5.spectra,2,40,2393,Corrent,Detect Early,Unreal
/root/autodl-tmp/syn/AMBA_filter_60_onefolder_NEDU/genbuf_80_Pre/envS/6.spectra,2,1836,527033,Corrent,Not Detect Early,Real
/root/autodl-tmp/syn/AMBA_filter_60_onefolder_NEDU/genbuf_80_Pre/envS/7.spectra,2,1822,172975,Corrent,Not Detect Early,Real
/root/autodl-tmp/syn/AMBA_filter_60_onefolder_NEDU/genbuf_90_Pre/envS/2.spectra,2,40,3230,Corrent,Detect Early,Unreal
/root/autodl-tmp/syn/AMBA_filter_60_onefolder_NEDU/genbuf_90_Pre/envS/3.spectra,2,40,2313,Corrent,Detect Early,Unreal
/root/autodl-tmp/syn/AMBA_filter_60_onefolder_NEDU/genbuf_90_Pre/envS/4.spectra,2,40,3090,Corrent,Detect Early,Unreal
/root/autodl-tmp/syn/AMBA_filter_60_onefolder_NEDU/genbuf_90_Pre/envS/5.spectra,2,40,2855,Corrent,Detect Early,Unreal
/root/autodl-tmp/syn/AMBA_filter_60_onefolder_NEDU/genbuf_90_Pre/envS/6.spectra,2,2056,886545,Corrent,Not Detect Early,Real
/root/autodl-tmp/syn/AMBA_filter_60_onefolder_NEDU/genbuf_90_Pre/envS/7.spectra,2,2042,669224,Corrent,Not Detect Early,Real
