/root/autodl-tmp/syn/AMBA_filter_60_onefolder_NEDU/genbuf_100_Pre/envS/4.spectra,4,40,3810,Corrent,Detect Early,Unreal
/root/autodl-tmp/syn/AMBA_filter_60_onefolder_NEDU/genbuf_100_Pre/envS/5.spectra,4,40,4574,Corrent,Detect Early,Unreal
/root/autodl-tmp/syn/AMBA_filter_60_onefolder_NEDU/genbuf_100_Pre/envS/6.spectra,4,2276,463824,Corrent,Not Detect Early,Real
/root/autodl-tmp/syn/AMBA_filter_60_onefolder_NEDU/genbuf_100_Pre/envS/7.spectra,4,2262,766062,Corrent,Not Detect Early,Real
/root/autodl-tmp/syn/AMBA_filter_60_onefolder_NEDU/genbuf_110_Pre/envS/4.spectra,4,40,5725,Corrent,Detect Early,Unreal
/root/autodl-tmp/syn/AMBA_filter_60_onefolder_NEDU/genbuf_110_Pre/envS/5.spectra,4,40,5725,Corrent,Detect Early,Unreal
/root/autodl-tmp/syn/AMBA_filter_60_onefolder_NEDU/genbuf_110_Pre/envS/6.spectra,TIME-OUT-30
/root/autodl-tmp/syn/AMBA_filter_60_onefolder_NEDU/genbuf_110_Pre/envS/7.spectra,4,2482,1753724,Corrent,Not Detect Early,Real
/root/autodl-tmp/syn/AMBA_filter_60_onefolder_NEDU/genbuf_120_Pre/envS/4.spectra,4,40,6476,Corrent,Detect Early,Unreal
/root/autodl-tmp/syn/AMBA_filter_60_onefolder_NEDU/genbuf_120_Pre/envS/5.spectra,4,40,6595,Corrent,Detect Early,Unreal
/root/autodl-tmp/syn/AMBA_filter_60_onefolder_NEDU/genbuf_120_Pre/envS/6.spectra,4,2716,1695596,Corrent,Not Detect Early,Real
/root/autodl-tmp/syn/AMBA_filter_60_onefolder_NEDU/genbuf_120_Pre/envS/7.spectra,4,2702,717218,Corrent,Not Detect Early,Real
/root/autodl-tmp/syn/AMBA_filter_60_onefolder_NEDU/genbuf_130_Pre/envS/4.spectra,4,40,9203,Corrent,Detect Early,Unreal
/root/autodl-tmp/syn/AMBA_filter_60_onefolder_NEDU/genbuf_130_Pre/envS/5.spectra,4,40,9714,Corrent,Detect Early,Unreal
/root/autodl-tmp/syn/AMBA_filter_60_onefolder_NEDU/genbuf_130_Pre/envS/6.spectra,4,2936,1253049,Corrent,Not Detect Early,Real
/root/autodl-tmp/syn/AMBA_filter_60_onefolder_NEDU/genbuf_130_Pre/envS/7.spectra,4,2922,882562,Corrent,Not Detect Early,Real
/root/autodl-tmp/syn/AMBA_filter_60_onefolder_NEDU/genbuf_80_Pre/envS/4.spectra,4,40,1857,Corrent,Detect Early,Unreal
/root/autodl-tmp/syn/AMBA_filter_60_onefolder_NEDU/genbuf_80_Pre/envS/5.spectra,4,40,2150,Corrent,Detect Early,Unreal
/root/autodl-tmp/syn/AMBA_filter_60_onefolder_NEDU/genbuf_80_Pre/envS/6.spectra,4,1836,532482,Corrent,Not Detect Early,Real
/root/autodl-tmp/syn/AMBA_filter_60_onefolder_NEDU/genbuf_80_Pre/envS/7.spectra,4,1822,462504,Corrent,Not Detect Early,Real
/root/autodl-tmp/syn/AMBA_filter_60_onefolder_NEDU/genbuf_90_Pre/envS/4.spectra,4,40,3031,Corrent,Detect Early,Unreal
/root/autodl-tmp/syn/AMBA_filter_60_onefolder_NEDU/genbuf_90_Pre/envS/5.spectra,4,40,3018,Corrent,Detect Early,Unreal
/root/autodl-tmp/syn/AMBA_filter_60_onefolder_NEDU/genbuf_90_Pre/envS/6.spectra,4,2056,884369,Corrent,Not Detect Early,Real
/root/autodl-tmp/syn/AMBA_filter_60_onefolder_NEDU/genbuf_90_Pre/envS/7.spectra,4,2042,703825,Corrent,Not Detect Early,Real
