/root/autodl-tmp/syn/AMBA_filter_60_onefolder_NEDU/genbuf_100_Pre/envS/4.spectra,4,242,4050,Corrent,Not Detect Early,Unreal
/root/autodl-tmp/syn/AMBA_filter_60_onefolder_NEDU/genbuf_100_Pre/envS/5.spectra,4,242,4884,Corrent,Not Detect Early,Unreal
/root/autodl-tmp/syn/AMBA_filter_60_onefolder_NEDU/genbuf_100_Pre/envS/6.spectra,4,2276,519984,Corrent,Not Detect Early,Real
/root/autodl-tmp/syn/AMBA_filter_60_onefolder_NEDU/genbuf_100_Pre/envS/7.spectra,4,2262,1257792,Corrent,Not Detect Early,Real
/root/autodl-tmp/syn/AMBA_filter_60_onefolder_NEDU/genbuf_110_Pre/envS/4.spectra,4,262,5769,Corrent,Not Detect Early,Unreal
/root/autodl-tmp/syn/AMBA_filter_60_onefolder_NEDU/genbuf_110_Pre/envS/5.spectra,4,262,5560,Corrent,Not Detect Early,Unreal
/root/autodl-tmp/syn/AMBA_filter_60_onefolder_NEDU/genbuf_110_Pre/envS/6.spectra,4,2496,1869243,Corrent,Not Detect Early,Real
/root/autodl-tmp/syn/AMBA_filter_60_onefolder_NEDU/genbuf_110_Pre/envS/7.spectra,4,2482,597924,Corrent,Not Detect Early,Real
/root/autodl-tmp/syn/AMBA_filter_60_onefolder_NEDU/genbuf_120_Pre/envS/4.spectra,4,282,6237,Corrent,Not Detect Early,Unreal
/root/autodl-tmp/syn/AMBA_filter_60_onefolder_NEDU/genbuf_120_Pre/envS/5.spectra,4,282,20604,Corrent,Not Detect Early,Unreal
/root/autodl-tmp/syn/AMBA_filter_60_onefolder_NEDU/genbuf_120_Pre/envS/6.spectra,4,2716,1688464,Corrent,Not Detect Early,Real
/root/autodl-tmp/syn/AMBA_filter_60_onefolder_NEDU/genbuf_120_Pre/envS/7.spectra,4,2702,739225,Corrent,Not Detect Early,Real
/root/autodl-tmp/syn/AMBA_filter_60_onefolder_NEDU/genbuf_130_Pre/envS/4.spectra,4,302,9387,Corrent,Not Detect Early,Unreal
/root/autodl-tmp/syn/AMBA_filter_60_onefolder_NEDU/genbuf_130_Pre/envS/5.spectra,4,302,9402,Corrent,Not Detect Early,Unreal
/root/autodl-tmp/syn/AMBA_filter_60_onefolder_NEDU/genbuf_130_Pre/envS/6.spectra,4,2936,1136882,Corrent,Not Detect Early,Real
/root/autodl-tmp/syn/AMBA_filter_60_onefolder_NEDU/genbuf_130_Pre/envS/7.spectra,4,2922,932016,Corrent,Not Detect Early,Real
/root/autodl-tmp/syn/AMBA_filter_60_onefolder_NEDU/genbuf_80_Pre/envS/4.spectra,4,202,5608,Corrent,Not Detect Early,Unreal
/root/autodl-tmp/syn/AMBA_filter_60_onefolder_NEDU/genbuf_80_Pre/envS/5.spectra,4,202,2379,Corrent,Not Detect Early,Unreal
/root/autodl-tmp/syn/AMBA_filter_60_onefolder_NEDU/genbuf_80_Pre/envS/6.spectra,4,1836,323387,Corrent,Not Detect Early,Real
/root/autodl-tmp/syn/AMBA_filter_60_onefolder_NEDU/genbuf_80_Pre/envS/7.spectra,4,1822,498996,Corrent,Not Detect Early,Real
/root/autodl-tmp/syn/AMBA_filter_60_onefolder_NEDU/genbuf_90_Pre/envS/4.spectra,4,222,3140,Corrent,Not Detect Early,Unreal
/root/autodl-tmp/syn/AMBA_filter_60_onefolder_NEDU/genbuf_90_Pre/envS/5.spectra,4,222,3306,Corrent,Not Detect Early,Unreal
/root/autodl-tmp/syn/AMBA_filter_60_onefolder_NEDU/genbuf_90_Pre/envS/6.spectra,4,2056,894892,Corrent,Not Detect Early,Real
/root/autodl-tmp/syn/AMBA_filter_60_onefolder_NEDU/genbuf_90_Pre/envS/7.spectra,4,2042,709726,Corrent,Not Detect Early,Real
