/root/autodl-tmp/syn/AMBA_filter_60_onefolder_NEDU/genbuf_100_Pre/envS/4.spectra,3,218,3144,Corrent,Not Detect Early,Unreal
/root/autodl-tmp/syn/AMBA_filter_60_onefolder_NEDU/genbuf_100_Pre/envS/3.spectra,3,218,43,Corrent,Not Detect Early,Unreal
/root/autodl-tmp/syn/AMBA_filter_60_onefolder_NEDU/genbuf_100_Pre/envS/2.spectra,3,202,3,Corrent,Not Detect Early,Unreal
/root/autodl-tmp/syn/AMBA_filter_60_onefolder_NEDU/genbuf_100_Pre/envS/1.spectra,3,202,3,Corrent,Not Detect Early,Unreal
/root/autodl-tmp/syn/AMBA_filter_60_onefolder_NEDU/genbuf_100_Pre/envS/0.spectra,3,202,3,Corrent,Not Detect Early,Unreal
/root/autodl-tmp/syn/AMBA_filter_60_onefolder_NEDU/genbuf_110_Pre/envS/4.spectra,3,238,5915,Corrent,Not Detect Early,Unreal
/root/autodl-tmp/syn/AMBA_filter_60_onefolder_NEDU/genbuf_110_Pre/envS/3.spectra,3,238,63,Corrent,Not Detect Early,Unreal
/root/autodl-tmp/syn/AMBA_filter_60_onefolder_NEDU/genbuf_110_Pre/envS/2.spectra,3,222,3,Corrent,Not Detect Early,Unreal
/root/autodl-tmp/syn/AMBA_filter_60_onefolder_NEDU/genbuf_110_Pre/envS/1.spectra,3,222,3,Corrent,Not Detect Early,Unreal
/root/autodl-tmp/syn/AMBA_filter_60_onefolder_NEDU/genbuf_110_Pre/envS/0.spectra,3,222,3,Corrent,Not Detect Early,Unreal
/root/autodl-tmp/syn/AMBA_filter_60_onefolder_NEDU/genbuf_120_Pre/envS/4.spectra,3,258,6315,Corrent,Not Detect Early,Unreal
/root/autodl-tmp/syn/AMBA_filter_60_onefolder_NEDU/genbuf_120_Pre/envS/3.spectra,3,258,6729,Corrent,Not Detect Early,Unreal
/root/autodl-tmp/syn/AMBA_filter_60_onefolder_NEDU/genbuf_120_Pre/envS/2.spectra,3,242,4,Corrent,Not Detect Early,Unreal
/root/autodl-tmp/syn/AMBA_filter_60_onefolder_NEDU/genbuf_120_Pre/envS/1.spectra,3,242,4,Corrent,Not Detect Early,Unreal
/root/autodl-tmp/syn/AMBA_filter_60_onefolder_NEDU/genbuf_120_Pre/envS/0.spectra,3,242,4,Corrent,Not Detect Early,Unreal
/root/autodl-tmp/syn/AMBA_filter_60_onefolder_NEDU/genbuf_130_Pre/envS/4.spectra,3,278,9058,Corrent,Not Detect Early,Unreal
/root/autodl-tmp/syn/AMBA_filter_60_onefolder_NEDU/genbuf_130_Pre/envS/3.spectra,3,278,66,Corrent,Not Detect Early,Unreal
/root/autodl-tmp/syn/AMBA_filter_60_onefolder_NEDU/genbuf_130_Pre/envS/2.spectra,3,262,4,Corrent,Not Detect Early,Unreal
/root/autodl-tmp/syn/AMBA_filter_60_onefolder_NEDU/genbuf_130_Pre/envS/1.spectra,3,262,4,Corrent,Not Detect Early,Unreal
/root/autodl-tmp/syn/AMBA_filter_60_onefolder_NEDU/genbuf_130_Pre/envS/0.spectra,3,262,5,Corrent,Not Detect Early,Unreal
/root/autodl-tmp/syn/AMBA_filter_60_onefolder_NEDU/genbuf_80_Pre/envS/4.spectra,3,178,2241,Corrent,Not Detect Early,Unreal
/root/autodl-tmp/syn/AMBA_filter_60_onefolder_NEDU/genbuf_80_Pre/envS/3.spectra,3,178,2379,Corrent,Not Detect Early,Unreal
/root/autodl-tmp/syn/AMBA_filter_60_onefolder_NEDU/genbuf_80_Pre/envS/2.spectra,3,162,3,Corrent,Not Detect Early,Unreal
/root/autodl-tmp/syn/AMBA_filter_60_onefolder_NEDU/genbuf_80_Pre/envS/1.spectra,3,162,2,Corrent,Not Detect Early,Unreal
/root/autodl-tmp/syn/AMBA_filter_60_onefolder_NEDU/genbuf_80_Pre/envS/0.spectra,3,162,3,Corrent,Not Detect Early,Unreal
/root/autodl-tmp/syn/AMBA_filter_60_onefolder_NEDU/genbuf_90_Pre/envS/4.spectra,3,198,3715,Corrent,Not Detect Early,Unreal
/root/autodl-tmp/syn/AMBA_filter_60_onefolder_NEDU/genbuf_90_Pre/envS/3.spectra,3,198,2720,Corrent,Not Detect Early,Unreal
/root/autodl-tmp/syn/AMBA_filter_60_onefolder_NEDU/genbuf_90_Pre/envS/2.spectra,3,182,3,Corrent,Not Detect Early,Unreal
/root/autodl-tmp/syn/AMBA_filter_60_onefolder_NEDU/genbuf_90_Pre/envS/1.spectra,3,182,3,Corrent,Not Detect Early,Unreal
/root/autodl-tmp/syn/AMBA_filter_60_onefolder_NEDU/genbuf_90_Pre/envS/0.spectra,3,182,3,Corrent,Not Detect Early,Unreal
