/root/autodl-tmp/syn/AMBA_filter_60_onefolder_NEDU/genbuf_100_Pre/envS/3.spectra,4,218,4288,Corrent,Not Detect Early,Unreal
/root/autodl-tmp/syn/AMBA_filter_60_onefolder_NEDU/genbuf_100_Pre/envS/2.spectra,4,218,4261,Corrent,Not Detect Early,Unreal
/root/autodl-tmp/syn/AMBA_filter_60_onefolder_NEDU/genbuf_100_Pre/envS/1.spectra,4,202,3,Corrent,Not Detect Early,Unreal
/root/autodl-tmp/syn/AMBA_filter_60_onefolder_NEDU/genbuf_100_Pre/envS/0.spectra,4,202,3,Corrent,Not Detect Early,Unreal
/root/autodl-tmp/syn/AMBA_filter_60_onefolder_NEDU/genbuf_110_Pre/envS/3.spectra,4,238,7148,Corrent,Not Detect Early,Unreal
/root/autodl-tmp/syn/AMBA_filter_60_onefolder_NEDU/genbuf_110_Pre/envS/2.spectra,4,238,56,Corrent,Not Detect Early,Unreal
/root/autodl-tmp/syn/AMBA_filter_60_onefolder_NEDU/genbuf_110_Pre/envS/1.spectra,4,222,3,Corrent,Not Detect Early,Unreal
/root/autodl-tmp/syn/AMBA_filter_60_onefolder_NEDU/genbuf_110_Pre/envS/0.spectra,4,222,3,Corrent,Not Detect Early,Unreal
/root/autodl-tmp/syn/AMBA_filter_60_onefolder_NEDU/genbuf_120_Pre/envS/3.spectra,4,258,6811,Corrent,Not Detect Early,Unreal
/root/autodl-tmp/syn/AMBA_filter_60_onefolder_NEDU/genbuf_120_Pre/envS/2.spectra,4,258,92,Corrent,Not Detect Early,Unreal
/root/autodl-tmp/syn/AMBA_filter_60_onefolder_NEDU/genbuf_120_Pre/envS/1.spectra,4,242,3,Corrent,Not Detect Early,Unreal
/root/autodl-tmp/syn/AMBA_filter_60_onefolder_NEDU/genbuf_120_Pre/envS/0.spectra,4,242,4,Corrent,Not Detect Early,Unreal
/root/autodl-tmp/syn/AMBA_filter_60_onefolder_NEDU/genbuf_130_Pre/envS/3.spectra,4,278,9233,Corrent,Not Detect Early,Unreal
/root/autodl-tmp/syn/AMBA_filter_60_onefolder_NEDU/genbuf_130_Pre/envS/2.spectra,4,278,65,Corrent,Not Detect Early,Unreal
/root/autodl-tmp/syn/AMBA_filter_60_onefolder_NEDU/genbuf_130_Pre/envS/1.spectra,4,262,5,Corrent,Not Detect Early,Unreal
/root/autodl-tmp/syn/AMBA_filter_60_onefolder_NEDU/genbuf_130_Pre/envS/0.spectra,4,262,3,Corrent,Not Detect Early,Unreal
/root/autodl-tmp/syn/AMBA_filter_60_onefolder_NEDU/genbuf_80_Pre/envS/3.spectra,4,178,2112,Corrent,Not Detect Early,Unreal
/root/autodl-tmp/syn/AMBA_filter_60_onefolder_NEDU/genbuf_80_Pre/envS/2.spectra,4,178,3001,Corrent,Not Detect Early,Unreal
/root/autodl-tmp/syn/AMBA_filter_60_onefolder_NEDU/genbuf_80_Pre/envS/1.spectra,4,162,3,Corrent,Not Detect Early,Unreal
/root/autodl-tmp/syn/AMBA_filter_60_onefolder_NEDU/genbuf_80_Pre/envS/0.spectra,4,162,3,Corrent,Not Detect Early,Unreal
/root/autodl-tmp/syn/AMBA_filter_60_onefolder_NEDU/genbuf_90_Pre/envS/3.spectra,4,198,3653,Corrent,Not Detect Early,Unreal
/root/autodl-tmp/syn/AMBA_filter_60_onefolder_NEDU/genbuf_90_Pre/envS/2.spectra,4,198,3410,Corrent,Not Detect Early,Unreal
/root/autodl-tmp/syn/AMBA_filter_60_onefolder_NEDU/genbuf_90_Pre/envS/1.spectra,4,182,3,Corrent,Not Detect Early,Unreal
/root/autodl-tmp/syn/AMBA_filter_60_onefolder_NEDU/genbuf_90_Pre/envS/0.spectra,4,182,3,Corrent,Not Detect Early,Unreal
