/root/autodl-tmp/syn/AMBA_filter_60_onefolder/amba_ahb_9_Pre/sysJ/16.spectra,TIME-OUT-30
/root/autodl-tmp/syn/AMBA_filter_60_onefolder/genbuf_120_Pre/sysJ/120.spectra,1,54,173,Corrent,Not Detect Early,Real
/root/autodl-tmp/syn/AMBA_filter_60_onefolder/genbuf_120_Pre/sysJ/119.spectra,1,36,82,Corrent,Not Detect Early,Real
/root/autodl-tmp/syn/AMBA_filter_60_onefolder/genbuf_100_Pre/sysJ/100.spectra,1,54,10030,Corrent,Not Detect Early,Real
/root/autodl-tmp/syn/AMBA_filter_60_onefolder/genbuf_100_Pre/sysJ/99.spectra,1,36,4520,Corrent,Not Detect Early,Real
/root/autodl-tmp/syn/AMBA_filter_60_onefolder/genbuf_110_Pre/sysJ/110.spectra,1,54,11016,Corrent,Not Detect Early,Real
/root/autodl-tmp/syn/AMBA_filter_60_onefolder/genbuf_110_Pre/sysJ/109.spectra,1,36,5255,Corrent,Not Detect Early,Real
/root/autodl-tmp/syn/AMBA_filter_60_onefolder/genbuf_80_Pre/sysJ/80.spectra,1,54,2312,Corrent,Not Detect Early,Real
/root/autodl-tmp/syn/AMBA_filter_60_onefolder/genbuf_80_Pre/sysJ/79.spectra,1,36,2411,Corrent,Not Detect Early,Real
/root/autodl-tmp/syn/AMBA_filter_60_onefolder/genbuf_130_Pre/sysJ/130.spectra,1,54,7792,Corrent,Not Detect Early,Real
/root/autodl-tmp/syn/AMBA_filter_60_onefolder/genbuf_130_Pre/sysJ/129.spectra,1,36,9434,Corrent,Not Detect Early,Real
/root/autodl-tmp/syn/AMBA_filter_60_onefolder/genbuf_90_Pre/sysJ/90.spectra,1,54,3282,Corrent,Not Detect Early,Real
/root/autodl-tmp/syn/AMBA_filter_60_onefolder/genbuf_90_Pre/sysJ/89.spectra,1,36,3334,Corrent,Not Detect Early,Real
