/root/autodl-tmp/syn/AMBA_filter_60_onefolder/amba_ahb_7_Pre/sysJ/12.spectra,TIME-OUT-30
/root/autodl-tmp/syn/AMBA_filter_60_onefolder/amba_ahb_9_Pre/sysJ/16.spectra,TIME-OUT-30
/root/autodl-tmp/syn/AMBA_filter_60_onefolder/genbuf_120_Pre/sysJ/119.spectra,2,36,8136,Corrent,Not Detect Early,Real
/root/autodl-tmp/syn/AMBA_filter_60_onefolder/genbuf_100_Pre/sysJ/99.spectra,2,36,3182,Corrent,Not Detect Early,Real
/root/autodl-tmp/syn/AMBA_filter_60_onefolder/genbuf_110_Pre/sysJ/109.spectra,2,36,3342,Corrent,Not Detect Early,Real
/root/autodl-tmp/syn/AMBA_filter_60_onefolder/genbuf_80_Pre/sysJ/79.spectra,2,36,2232,Corrent,Not Detect Early,Real
/root/autodl-tmp/syn/AMBA_filter_60_onefolder/genbuf_130_Pre/sysJ/129.spectra,2,36,6731,Corrent,Not Detect Early,Real
/root/autodl-tmp/syn/AMBA_filter_60_onefolder/genbuf_90_Pre/sysJ/89.spectra,2,36,2833,Corrent,Not Detect Early,Real
