/root/autodl-tmp/syn/AMBA_filter_60_onefolder/amba_ahb_5_Pre/sysJ/7.spectra,60,65,Real
/root/autodl-tmp/syn/AMBA_filter_60_onefolder/amba_ahb_5_Pre/sysJ/8.spectra,96,91,Real
/root/autodl-tmp/syn/AMBA_filter_60_onefolder/amba_ahb_5_Pre/sysJ/9.spectra,132,355,Real
/root/autodl-tmp/syn/AMBA_filter_60_onefolder/amba_ahb_5_Pre/sysJ/10.spectra,192,4705,Real
/root/autodl-tmp/syn/AMBA_filter_60_onefolder/amba_ahb_10_Pre/sysJ/17.spectra,110,1840,Real
/root/autodl-tmp/syn/AMBA_filter_60_onefolder/amba_ahb_10_Pre/sysJ/18.spectra,286,17926,Real
/root/autodl-tmp/syn/AMBA_filter_60_onefolder/amba_ahb_10_Pre/sysJ/19.spectra,352,25351,Real
/root/autodl-tmp/syn/AMBA_filter_60_onefolder/amba_ahb_10_Pre/sysJ/20.spectra,TIME-OUT-30
/root/autodl-tmp/syn/AMBA_filter_60_onefolder/amba_ahb_6_Pre/sysJ/9.spectra,70,125,Real
/root/autodl-tmp/syn/AMBA_filter_60_onefolder/amba_ahb_6_Pre/sysJ/10.spectra,126,1237,Real
/root/autodl-tmp/syn/AMBA_filter_60_onefolder/amba_ahb_6_Pre/sysJ/11.spectra,168,4070,Real
/root/autodl-tmp/syn/AMBA_filter_60_onefolder/amba_ahb_6_Pre/sysJ/12.spectra,252,19928,Real
/root/autodl-tmp/syn/AMBA_filter_60_onefolder/amba_ahb_7_Pre/sysJ/11.spectra,80,282,Real
/root/autodl-tmp/syn/AMBA_filter_60_onefolder/amba_ahb_7_Pre/sysJ/12.spectra,160,1223,Real
/root/autodl-tmp/syn/AMBA_filter_60_onefolder/amba_ahb_7_Pre/sysJ/13.spectra,208,3261,Real
/root/autodl-tmp/syn/AMBA_filter_60_onefolder/amba_ahb_7_Pre/sysJ/14.spectra,320,62944,Real
/root/autodl-tmp/syn/AMBA_filter_60_onefolder/amba_ahb_8_Pre/sysJ/13.spectra,90,460,Real
/root/autodl-tmp/syn/AMBA_filter_60_onefolder/amba_ahb_8_Pre/sysJ/14.spectra,198,7775,Real
/root/autodl-tmp/syn/AMBA_filter_60_onefolder/amba_ahb_8_Pre/sysJ/15.spectra,252,24095,Real
/root/autodl-tmp/syn/AMBA_filter_60_onefolder/amba_ahb_8_Pre/sysJ/16.spectra,396,314739,Real
/root/autodl-tmp/syn/AMBA_filter_60_onefolder/amba_ahb_9_Pre/sysJ/15.spectra,100,644,Real
/root/autodl-tmp/syn/AMBA_filter_60_onefolder/amba_ahb_9_Pre/sysJ/16.spectra,240,15922,Real
/root/autodl-tmp/syn/AMBA_filter_60_onefolder/amba_ahb_9_Pre/sysJ/17.spectra,300,8196,Real
/root/autodl-tmp/syn/AMBA_filter_60_onefolder/amba_ahb_9_Pre/sysJ/18.spectra,480,1120775,Real
/root/autodl-tmp/syn/AMBA_filter_60_onefolder/genbuf_120_Pre/sysJ/119.spectra,36,9077,Real
/root/autodl-tmp/syn/AMBA_filter_60_onefolder/genbuf_120_Pre/sysJ/120.spectra,120,22065,Real
/root/autodl-tmp/syn/AMBA_filter_60_onefolder/genbuf_120_Pre/sysJ/121.spectra,2702,830072,Real
/root/autodl-tmp/syn/AMBA_filter_60_onefolder/genbuf_100_Pre/sysJ/99.spectra,36,4267,Real
/root/autodl-tmp/syn/AMBA_filter_60_onefolder/genbuf_100_Pre/sysJ/100.spectra,120,13090,Real
/root/autodl-tmp/syn/AMBA_filter_60_onefolder/genbuf_100_Pre/sysJ/101.spectra,2262,807566,Real
/root/autodl-tmp/syn/AMBA_filter_60_onefolder/genbuf_110_Pre/sysJ/109.spectra,36,5280,Real
/root/autodl-tmp/syn/AMBA_filter_60_onefolder/genbuf_110_Pre/sysJ/110.spectra,120,15633,Real
/root/autodl-tmp/syn/AMBA_filter_60_onefolder/genbuf_110_Pre/sysJ/111.spectra,2482,1853808,Real
/root/autodl-tmp/syn/AMBA_filter_60_onefolder/genbuf_80_Pre/sysJ/79.spectra,36,1900,Real
/root/autodl-tmp/syn/AMBA_filter_60_onefolder/genbuf_80_Pre/sysJ/80.spectra,120,5585,Real
/root/autodl-tmp/syn/AMBA_filter_60_onefolder/genbuf_80_Pre/sysJ/81.spectra,1822,1328345,Real
/root/autodl-tmp/syn/AMBA_filter_60_onefolder/genbuf_130_Pre/sysJ/129.spectra,36,8104,Real
/root/autodl-tmp/syn/AMBA_filter_60_onefolder/genbuf_130_Pre/sysJ/130.spectra,120,24215,Real
/root/autodl-tmp/syn/AMBA_filter_60_onefolder/genbuf_130_Pre/sysJ/131.spectra,2922,2572516,Real
/root/autodl-tmp/syn/AMBA_filter_60_onefolder/genbuf_90_Pre/sysJ/89.spectra,36,2551,Real
/root/autodl-tmp/syn/AMBA_filter_60_onefolder/genbuf_90_Pre/sysJ/90.spectra,120,8033,Real
/root/autodl-tmp/syn/AMBA_filter_60_onefolder/genbuf_90_Pre/sysJ/91.spectra,2042,763435,Real
