/root/autodl-tmp/syn/AMBA_filter_60_onefolder/amba_ahb_10_Pre/sysS/42.spectra,2,572,64511,Corrent,Not Detect Early,Real
/root/autodl-tmp/syn/AMBA_filter_60_onefolder/amba_ahb_10_Pre/sysS/41.spectra,2,572,28713,Corrent,Not Detect Early,Real
/root/autodl-tmp/syn/AMBA_filter_60_onefolder/amba_ahb_10_Pre/sysS/40.spectra,2,572,38727,Corrent,Not Detect Early,Real
/root/autodl-tmp/syn/AMBA_filter_60_onefolder/amba_ahb_10_Pre/sysS/39.spectra,2,572,53782,Corrent,Not Detect Early,Real
/root/autodl-tmp/syn/AMBA_filter_60_onefolder/amba_ahb_10_Pre/sysS/38.spectra,2,528,39728,Corrent,Not Detect Early,Real
/root/autodl-tmp/syn/AMBA_filter_60_onefolder/amba_ahb_10_Pre/sysS/37.spectra,2,528,8684,Corrent,Not Detect Early,Real
/root/autodl-tmp/syn/AMBA_filter_60_onefolder/amba_ahb_10_Pre/sysS/36.spectra,2,484,11216,Corrent,Not Detect Early,Real
/root/autodl-tmp/syn/AMBA_filter_60_onefolder/amba_ahb_10_Pre/sysS/35.spectra,2,484,47838,Corrent,Not Detect Early,Real
/root/autodl-tmp/syn/AMBA_filter_60_onefolder/amba_ahb_10_Pre/sysS/34.spectra,2,242,14902,Corrent,Not Detect Early,Real
/root/autodl-tmp/syn/AMBA_filter_60_onefolder/amba_ahb_10_Pre/sysS/33.spectra,2,242,132,Corrent,Not Detect Early,Real
/root/autodl-tmp/syn/AMBA_filter_60_onefolder/amba_ahb_10_Pre/sysS/32.spectra,2,242,919,Corrent,Not Detect Early,Real
/root/autodl-tmp/syn/AMBA_filter_60_onefolder/amba_ahb_10_Pre/sysS/31.spectra,2,242,20,Corrent,Not Detect Early,Real
/root/autodl-tmp/syn/AMBA_filter_60_onefolder/amba_ahb_10_Pre/sysS/30.spectra,2,242,15,Corrent,Not Detect Early,Real
/root/autodl-tmp/syn/AMBA_filter_60_onefolder/amba_ahb_10_Pre/sysS/29.spectra,TIME-OUT-30
/root/autodl-tmp/syn/AMBA_filter_60_onefolder/amba_ahb_5_Pre/sysS/27.spectra,2,192,1720,Corrent,Not Detect Early,Real
/root/autodl-tmp/syn/AMBA_filter_60_onefolder/amba_ahb_5_Pre/sysS/26.spectra,2,192,4986,Corrent,Not Detect Early,Real
/root/autodl-tmp/syn/AMBA_filter_60_onefolder/amba_ahb_5_Pre/sysS/25.spectra,2,192,1740,Corrent,Not Detect Early,Real
/root/autodl-tmp/syn/AMBA_filter_60_onefolder/amba_ahb_5_Pre/sysS/24.spectra,2,192,2037,Corrent,Not Detect Early,Real
/root/autodl-tmp/syn/AMBA_filter_60_onefolder/amba_ahb_5_Pre/sysS/23.spectra,2,168,3051,Corrent,Not Detect Early,Real
/root/autodl-tmp/syn/AMBA_filter_60_onefolder/amba_ahb_5_Pre/sysS/22.spectra,2,168,2239,Corrent,Not Detect Early,Real
/root/autodl-tmp/syn/AMBA_filter_60_onefolder/amba_ahb_5_Pre/sysS/21.spectra,2,144,347,Corrent,Not Detect Early,Real
/root/autodl-tmp/syn/AMBA_filter_60_onefolder/amba_ahb_5_Pre/sysS/20.spectra,2,144,294,Corrent,Not Detect Early,Real
/root/autodl-tmp/syn/AMBA_filter_60_onefolder/amba_ahb_5_Pre/sysS/19.spectra,2,72,269,Corrent,Not Detect Early,Real
/root/autodl-tmp/syn/AMBA_filter_60_onefolder/amba_ahb_5_Pre/sysS/18.spectra,2,72,119,Corrent,Not Detect Early,Real
/root/autodl-tmp/syn/AMBA_filter_60_onefolder/amba_ahb_5_Pre/sysS/17.spectra,2,72,5,Corrent,Not Detect Early,Real
/root/autodl-tmp/syn/AMBA_filter_60_onefolder/amba_ahb_5_Pre/sysS/16.spectra,2,72,5,Corrent,Not Detect Early,Real
/root/autodl-tmp/syn/AMBA_filter_60_onefolder/amba_ahb_5_Pre/sysS/15.spectra,2,72,33,Corrent,Not Detect Early,Real
/root/autodl-tmp/syn/AMBA_filter_60_onefolder/amba_ahb_7_Pre/sysS/33.spectra,2,320,20437,Corrent,Not Detect Early,Real
/root/autodl-tmp/syn/AMBA_filter_60_onefolder/amba_ahb_7_Pre/sysS/32.spectra,2,320,11418,Corrent,Not Detect Early,Real
/root/autodl-tmp/syn/AMBA_filter_60_onefolder/amba_ahb_7_Pre/sysS/31.spectra,2,320,15760,Corrent,Not Detect Early,Real
/root/autodl-tmp/syn/AMBA_filter_60_onefolder/amba_ahb_7_Pre/sysS/30.spectra,2,320,6064,Corrent,Not Detect Early,Real
/root/autodl-tmp/syn/AMBA_filter_60_onefolder/amba_ahb_7_Pre/sysS/29.spectra,2,288,47692,Corrent,Not Detect Early,Real
/root/autodl-tmp/syn/AMBA_filter_60_onefolder/amba_ahb_7_Pre/sysS/28.spectra,2,288,1353,Corrent,Not Detect Early,Real
/root/autodl-tmp/syn/AMBA_filter_60_onefolder/amba_ahb_7_Pre/sysS/27.spectra,2,256,14281,Corrent,Not Detect Early,Real
/root/autodl-tmp/syn/AMBA_filter_60_onefolder/amba_ahb_7_Pre/sysS/26.spectra,2,256,1284,Corrent,Not Detect Early,Real
/root/autodl-tmp/syn/AMBA_filter_60_onefolder/amba_ahb_7_Pre/sysS/25.spectra,2,128,521,Corrent,Not Detect Early,Real
/root/autodl-tmp/syn/AMBA_filter_60_onefolder/amba_ahb_7_Pre/sysS/24.spectra,2,128,27,Corrent,Not Detect Early,Real
/root/autodl-tmp/syn/AMBA_filter_60_onefolder/amba_ahb_7_Pre/sysS/23.spectra,2,128,8,Corrent,Not Detect Early,Real
/root/autodl-tmp/syn/AMBA_filter_60_onefolder/amba_ahb_7_Pre/sysS/22.spectra,2,128,8,Corrent,Not Detect Early,Real
/root/autodl-tmp/syn/AMBA_filter_60_onefolder/amba_ahb_7_Pre/sysS/21.spectra,2,128,126,Corrent,Not Detect Early,Real
/root/autodl-tmp/syn/AMBA_filter_60_onefolder/amba_ahb_6_Pre/sysS/30.spectra,2,252,3255,Corrent,Not Detect Early,Real
/root/autodl-tmp/syn/AMBA_filter_60_onefolder/amba_ahb_6_Pre/sysS/29.spectra,2,252,9365,Corrent,Not Detect Early,Real
/root/autodl-tmp/syn/AMBA_filter_60_onefolder/amba_ahb_6_Pre/sysS/28.spectra,2,252,3536,Corrent,Not Detect Early,Real
/root/autodl-tmp/syn/AMBA_filter_60_onefolder/amba_ahb_6_Pre/sysS/27.spectra,2,252,1604,Corrent,Not Detect Early,Real
/root/autodl-tmp/syn/AMBA_filter_60_onefolder/amba_ahb_6_Pre/sysS/26.spectra,2,224,4866,Corrent,Not Detect Early,Real
/root/autodl-tmp/syn/AMBA_filter_60_onefolder/amba_ahb_6_Pre/sysS/25.spectra,2,224,1256,Corrent,Not Detect Early,Real
/root/autodl-tmp/syn/AMBA_filter_60_onefolder/amba_ahb_6_Pre/sysS/24.spectra,2,196,871,Corrent,Not Detect Early,Real
/root/autodl-tmp/syn/AMBA_filter_60_onefolder/amba_ahb_6_Pre/sysS/23.spectra,2,196,1338,Corrent,Not Detect Early,Real
/root/autodl-tmp/syn/AMBA_filter_60_onefolder/amba_ahb_6_Pre/sysS/22.spectra,2,98,27,Corrent,Not Detect Early,Real
/root/autodl-tmp/syn/AMBA_filter_60_onefolder/amba_ahb_6_Pre/sysS/21.spectra,2,98,30,Corrent,Not Detect Early,Real
/root/autodl-tmp/syn/AMBA_filter_60_onefolder/amba_ahb_6_Pre/sysS/20.spectra,2,98,7,Corrent,Not Detect Early,Real
/root/autodl-tmp/syn/AMBA_filter_60_onefolder/amba_ahb_6_Pre/sysS/19.spectra,2,98,126,Corrent,Not Detect Early,Real
/root/autodl-tmp/syn/AMBA_filter_60_onefolder/amba_ahb_6_Pre/sysS/18.spectra,2,98,6,Corrent,Not Detect Early,Real
/root/autodl-tmp/syn/AMBA_filter_60_onefolder/amba_ahb_8_Pre/sysS/36.spectra,2,396,31966,Corrent,Not Detect Early,Real
/root/autodl-tmp/syn/AMBA_filter_60_onefolder/amba_ahb_8_Pre/sysS/35.spectra,2,396,26317,Corrent,Not Detect Early,Real
/root/autodl-tmp/syn/AMBA_filter_60_onefolder/amba_ahb_8_Pre/sysS/34.spectra,2,396,15852,Corrent,Not Detect Early,Real
/root/autodl-tmp/syn/AMBA_filter_60_onefolder/amba_ahb_8_Pre/sysS/33.spectra,2,396,10960,Corrent,Not Detect Early,Real
/root/autodl-tmp/syn/AMBA_filter_60_onefolder/amba_ahb_8_Pre/sysS/32.spectra,2,360,5278,Corrent,Not Detect Early,Real
/root/autodl-tmp/syn/AMBA_filter_60_onefolder/amba_ahb_8_Pre/sysS/31.spectra,2,360,5918,Corrent,Not Detect Early,Real
/root/autodl-tmp/syn/AMBA_filter_60_onefolder/amba_ahb_8_Pre/sysS/30.spectra,2,324,1673,Corrent,Not Detect Early,Real
/root/autodl-tmp/syn/AMBA_filter_60_onefolder/amba_ahb_8_Pre/sysS/29.spectra,2,324,1056,Corrent,Not Detect Early,Real
/root/autodl-tmp/syn/AMBA_filter_60_onefolder/amba_ahb_8_Pre/sysS/28.spectra,2,162,228,Corrent,Not Detect Early,Real
/root/autodl-tmp/syn/AMBA_filter_60_onefolder/amba_ahb_8_Pre/sysS/27.spectra,2,162,208,Corrent,Not Detect Early,Real
/root/autodl-tmp/syn/AMBA_filter_60_onefolder/amba_ahb_8_Pre/sysS/26.spectra,2,162,250,Corrent,Not Detect Early,Real
/root/autodl-tmp/syn/AMBA_filter_60_onefolder/amba_ahb_8_Pre/sysS/25.spectra,2,162,12,Corrent,Not Detect Early,Real
/root/autodl-tmp/syn/AMBA_filter_60_onefolder/amba_ahb_8_Pre/sysS/24.spectra,2,162,256,Corrent,Not Detect Early,Real
/root/autodl-tmp/syn/AMBA_filter_60_onefolder/amba_ahb_9_Pre/sysS/39.spectra,2,480,9044,Corrent,Not Detect Early,Real
/root/autodl-tmp/syn/AMBA_filter_60_onefolder/amba_ahb_9_Pre/sysS/38.spectra,2,480,17861,Corrent,Not Detect Early,Real
/root/autodl-tmp/syn/AMBA_filter_60_onefolder/amba_ahb_9_Pre/sysS/37.spectra,2,480,52867,Corrent,Not Detect Early,Real
/root/autodl-tmp/syn/AMBA_filter_60_onefolder/amba_ahb_9_Pre/sysS/36.spectra,2,480,29431,Corrent,Not Detect Early,Real
/root/autodl-tmp/syn/AMBA_filter_60_onefolder/amba_ahb_9_Pre/sysS/35.spectra,2,440,72443,Corrent,Not Detect Early,Real
/root/autodl-tmp/syn/AMBA_filter_60_onefolder/amba_ahb_9_Pre/sysS/34.spectra,2,440,24700,Corrent,Not Detect Early,Real
/root/autodl-tmp/syn/AMBA_filter_60_onefolder/amba_ahb_9_Pre/sysS/33.spectra,2,400,12322,Corrent,Not Detect Early,Real
/root/autodl-tmp/syn/AMBA_filter_60_onefolder/amba_ahb_9_Pre/sysS/32.spectra,2,400,1112,Corrent,Not Detect Early,Real
/root/autodl-tmp/syn/AMBA_filter_60_onefolder/amba_ahb_9_Pre/sysS/31.spectra,2,200,16056,Corrent,Not Detect Early,Real
/root/autodl-tmp/syn/AMBA_filter_60_onefolder/amba_ahb_9_Pre/sysS/30.spectra,2,200,110,Corrent,Not Detect Early,Real
/root/autodl-tmp/syn/AMBA_filter_60_onefolder/amba_ahb_9_Pre/sysS/29.spectra,2,200,27,Corrent,Not Detect Early,Real
/root/autodl-tmp/syn/AMBA_filter_60_onefolder/amba_ahb_9_Pre/sysS/28.spectra,2,200,13,Corrent,Not Detect Early,Real
/root/autodl-tmp/syn/AMBA_filter_60_onefolder/amba_ahb_9_Pre/sysS/27.spectra,2,200,341,Corrent,Not Detect Early,Real
/root/autodl-tmp/syn/AMBA_filter_60_onefolder/genbuf_100_Pre/sysS/26.spectra,2,1240,8829,Corrent,Not Detect Early,Real
/root/autodl-tmp/syn/AMBA_filter_60_onefolder/genbuf_100_Pre/sysS/25.spectra,2,446,274,Corrent,Not Detect Early,Real
/root/autodl-tmp/syn/AMBA_filter_60_onefolder/genbuf_100_Pre/sysS/24.spectra,2,442,148,Corrent,Not Detect Early,Real
/root/autodl-tmp/syn/AMBA_filter_60_onefolder/genbuf_100_Pre/sysS/23.spectra,2,1644,2083,Corrent,Not Detect Early,Real
/root/autodl-tmp/syn/AMBA_filter_60_onefolder/genbuf_100_Pre/sysS/22.spectra,2,1650,1935,Corrent,Not Detect Early,Real
/root/autodl-tmp/syn/AMBA_filter_60_onefolder/genbuf_100_Pre/sysS/21.spectra,2,2240,1898,Corrent,Not Detect Early,Real
/root/autodl-tmp/syn/AMBA_filter_60_onefolder/genbuf_100_Pre/sysS/20.spectra,2,2458,12137,Corrent,Not Detect Early,Real
/root/autodl-tmp/syn/AMBA_filter_60_onefolder/genbuf_100_Pre/sysS/19.spectra,2,2458,5381,Corrent,Not Detect Early,Real
/root/autodl-tmp/syn/AMBA_filter_60_onefolder/genbuf_100_Pre/sysS/18.spectra,2,2034,1878,Corrent,Not Detect Early,Real
/root/autodl-tmp/syn/AMBA_filter_60_onefolder/genbuf_100_Pre/sysS/17.spectra,2,2034,1921,Corrent,Not Detect Early,Real
/root/autodl-tmp/syn/AMBA_filter_60_onefolder/genbuf_100_Pre/sysS/16.spectra,2,2034,1843,Corrent,Not Detect Early,Real
/root/autodl-tmp/syn/AMBA_filter_60_onefolder/genbuf_100_Pre/sysS/15.spectra,2,2034,1780,Corrent,Not Detect Early,Real
/root/autodl-tmp/syn/AMBA_filter_60_onefolder/genbuf_100_Pre/sysS/14.spectra,2,2034,1780,Corrent,Not Detect Early,Real
/root/autodl-tmp/syn/AMBA_filter_60_onefolder/genbuf_100_Pre/sysS/13.spectra,2,2240,1784,Corrent,Not Detect Early,Real
/root/autodl-tmp/syn/AMBA_filter_60_onefolder/genbuf_100_Pre/sysS/12.spectra,2,2240,1835,Corrent,Not Detect Early,Real
/root/autodl-tmp/syn/AMBA_filter_60_onefolder/genbuf_100_Pre/sysS/11.spectra,2,1430,94,Corrent,Not Detect Early,Real
/root/autodl-tmp/syn/AMBA_filter_60_onefolder/genbuf_100_Pre/sysS/10.spectra,2,1430,813,Corrent,Not Detect Early,Real
/root/autodl-tmp/syn/AMBA_filter_60_onefolder/genbuf_100_Pre/sysS/9.spectra,2,1022,668,Corrent,Not Detect Early,Real
/root/autodl-tmp/syn/AMBA_filter_60_onefolder/genbuf_100_Pre/sysS/8.spectra,2,818,249,Corrent,Not Detect Early,Real
/root/autodl-tmp/syn/AMBA_filter_60_onefolder/genbuf_100_Pre/sysS/7.spectra,2,818,251,Corrent,Not Detect Early,Real
/root/autodl-tmp/syn/AMBA_filter_60_onefolder/genbuf_100_Pre/sysS/6.spectra,2,412,19,Corrent,Not Detect Early,Real
/root/autodl-tmp/syn/AMBA_filter_60_onefolder/genbuf_100_Pre/sysS/5.spectra,2,404,9,Corrent,Not Detect Early,Real
/root/autodl-tmp/syn/AMBA_filter_60_onefolder/genbuf_100_Pre/sysS/4.spectra,2,404,8,Corrent,Not Detect Early,Real
/root/autodl-tmp/syn/AMBA_filter_60_onefolder/genbuf_100_Pre/sysS/3.spectra,2,202,2,Corrent,Not Detect Early,Real
/root/autodl-tmp/syn/AMBA_filter_60_onefolder/genbuf_100_Pre/sysS/2.spectra,2,202,3,Corrent,Not Detect Early,Real
/root/autodl-tmp/syn/AMBA_filter_60_onefolder/genbuf_100_Pre/sysS/1.spectra,2,202,2,Corrent,Not Detect Early,Real
/root/autodl-tmp/syn/AMBA_filter_60_onefolder/genbuf_100_Pre/sysS/0.spectra,2,202,3,Corrent,Not Detect Early,Real
/root/autodl-tmp/syn/AMBA_filter_60_onefolder/genbuf_110_Pre/sysS/26.spectra,2,1360,12033,Corrent,Not Detect Early,Real
/root/autodl-tmp/syn/AMBA_filter_60_onefolder/genbuf_110_Pre/sysS/25.spectra,2,486,291,Corrent,Not Detect Early,Real
/root/autodl-tmp/syn/AMBA_filter_60_onefolder/genbuf_110_Pre/sysS/24.spectra,2,482,138,Corrent,Not Detect Early,Real
/root/autodl-tmp/syn/AMBA_filter_60_onefolder/genbuf_110_Pre/sysS/23.spectra,2,1804,2706,Corrent,Not Detect Early,Real
/root/autodl-tmp/syn/AMBA_filter_60_onefolder/genbuf_110_Pre/sysS/22.spectra,2,1810,2711,Corrent,Not Detect Early,Real
/root/autodl-tmp/syn/AMBA_filter_60_onefolder/genbuf_110_Pre/sysS/21.spectra,2,2460,2693,Corrent,Not Detect Early,Real
/root/autodl-tmp/syn/AMBA_filter_60_onefolder/genbuf_110_Pre/sysS/20.spectra,2,2698,7433,Corrent,Not Detect Early,Real
/root/autodl-tmp/syn/AMBA_filter_60_onefolder/genbuf_110_Pre/sysS/19.spectra,2,2698,7340,Corrent,Not Detect Early,Real
/root/autodl-tmp/syn/AMBA_filter_60_onefolder/genbuf_110_Pre/sysS/18.spectra,2,2234,2619,Corrent,Not Detect Early,Real
/root/autodl-tmp/syn/AMBA_filter_60_onefolder/genbuf_110_Pre/sysS/17.spectra,2,2234,7226,Corrent,Not Detect Early,Real
/root/autodl-tmp/syn/AMBA_filter_60_onefolder/genbuf_110_Pre/sysS/16.spectra,2,2234,2510,Corrent,Not Detect Early,Real
/root/autodl-tmp/syn/AMBA_filter_60_onefolder/genbuf_110_Pre/sysS/15.spectra,2,2234,2579,Corrent,Not Detect Early,Real
/root/autodl-tmp/syn/AMBA_filter_60_onefolder/genbuf_110_Pre/sysS/14.spectra,2,2234,2529,Corrent,Not Detect Early,Real
/root/autodl-tmp/syn/AMBA_filter_60_onefolder/genbuf_110_Pre/sysS/13.spectra,2,2460,2496,Corrent,Not Detect Early,Real
/root/autodl-tmp/syn/AMBA_filter_60_onefolder/genbuf_110_Pre/sysS/12.spectra,2,2460,2420,Corrent,Not Detect Early,Real
/root/autodl-tmp/syn/AMBA_filter_60_onefolder/genbuf_110_Pre/sysS/11.spectra,2,1570,110,Corrent,Not Detect Early,Real
/root/autodl-tmp/syn/AMBA_filter_60_onefolder/genbuf_110_Pre/sysS/10.spectra,2,1570,1058,Corrent,Not Detect Early,Real
/root/autodl-tmp/syn/AMBA_filter_60_onefolder/genbuf_110_Pre/sysS/9.spectra,2,1122,862,Corrent,Not Detect Early,Real
/root/autodl-tmp/syn/AMBA_filter_60_onefolder/genbuf_110_Pre/sysS/8.spectra,2,898,307,Corrent,Not Detect Early,Real
/root/autodl-tmp/syn/AMBA_filter_60_onefolder/genbuf_110_Pre/sysS/7.spectra,2,898,289,Corrent,Not Detect Early,Real
/root/autodl-tmp/syn/AMBA_filter_60_onefolder/genbuf_110_Pre/sysS/6.spectra,2,452,25,Corrent,Not Detect Early,Real
/root/autodl-tmp/syn/AMBA_filter_60_onefolder/genbuf_110_Pre/sysS/5.spectra,2,444,10,Corrent,Not Detect Early,Real
/root/autodl-tmp/syn/AMBA_filter_60_onefolder/genbuf_110_Pre/sysS/4.spectra,2,444,10,Corrent,Not Detect Early,Real
/root/autodl-tmp/syn/AMBA_filter_60_onefolder/genbuf_110_Pre/sysS/3.spectra,2,222,5,Corrent,Not Detect Early,Real
/root/autodl-tmp/syn/AMBA_filter_60_onefolder/genbuf_110_Pre/sysS/2.spectra,2,222,3,Corrent,Not Detect Early,Real
/root/autodl-tmp/syn/AMBA_filter_60_onefolder/genbuf_110_Pre/sysS/1.spectra,2,222,3,Corrent,Not Detect Early,Real
/root/autodl-tmp/syn/AMBA_filter_60_onefolder/genbuf_110_Pre/sysS/0.spectra,2,222,3,Corrent,Not Detect Early,Real
/root/autodl-tmp/syn/AMBA_filter_60_onefolder/genbuf_120_Pre/sysS/26.spectra,2,1480,14929,Corrent,Not Detect Early,Real
/root/autodl-tmp/syn/AMBA_filter_60_onefolder/genbuf_120_Pre/sysS/25.spectra,2,526,449,Corrent,Not Detect Early,Real
/root/autodl-tmp/syn/AMBA_filter_60_onefolder/genbuf_120_Pre/sysS/24.spectra,2,522,185,Corrent,Not Detect Early,Real
/root/autodl-tmp/syn/AMBA_filter_60_onefolder/genbuf_120_Pre/sysS/23.spectra,2,1964,10042,Corrent,Not Detect Early,Real
/root/autodl-tmp/syn/AMBA_filter_60_onefolder/genbuf_120_Pre/sysS/22.spectra,2,1970,3353,Corrent,Not Detect Early,Real
/root/autodl-tmp/syn/AMBA_filter_60_onefolder/genbuf_120_Pre/sysS/21.spectra,2,2680,3484,Corrent,Not Detect Early,Real
/root/autodl-tmp/syn/AMBA_filter_60_onefolder/genbuf_120_Pre/sysS/20.spectra,2,2938,9370,Corrent,Not Detect Early,Real
/root/autodl-tmp/syn/AMBA_filter_60_onefolder/genbuf_120_Pre/sysS/19.spectra,2,2938,9169,Corrent,Not Detect Early,Real
/root/autodl-tmp/syn/AMBA_filter_60_onefolder/genbuf_120_Pre/sysS/18.spectra,2,2434,3341,Corrent,Not Detect Early,Real
/root/autodl-tmp/syn/AMBA_filter_60_onefolder/genbuf_120_Pre/sysS/17.spectra,2,2434,3375,Corrent,Not Detect Early,Real
/root/autodl-tmp/syn/AMBA_filter_60_onefolder/genbuf_120_Pre/sysS/16.spectra,2,2434,3233,Corrent,Not Detect Early,Real
/root/autodl-tmp/syn/AMBA_filter_60_onefolder/genbuf_120_Pre/sysS/15.spectra,2,2434,23313,Corrent,Not Detect Early,Real
/root/autodl-tmp/syn/AMBA_filter_60_onefolder/genbuf_120_Pre/sysS/14.spectra,2,2434,3256,Corrent,Not Detect Early,Real
/root/autodl-tmp/syn/AMBA_filter_60_onefolder/genbuf_120_Pre/sysS/13.spectra,2,2680,3234,Corrent,Not Detect Early,Real
/root/autodl-tmp/syn/AMBA_filter_60_onefolder/genbuf_120_Pre/sysS/12.spectra,2,2680,3205,Corrent,Not Detect Early,Real
/root/autodl-tmp/syn/AMBA_filter_60_onefolder/genbuf_120_Pre/sysS/11.spectra,2,1710,126,Corrent,Not Detect Early,Real
/root/autodl-tmp/syn/AMBA_filter_60_onefolder/genbuf_120_Pre/sysS/10.spectra,2,1710,2324,Corrent,Not Detect Early,Real
/root/autodl-tmp/syn/AMBA_filter_60_onefolder/genbuf_120_Pre/sysS/9.spectra,2,1222,1115,Corrent,Not Detect Early,Real
/root/autodl-tmp/syn/AMBA_filter_60_onefolder/genbuf_120_Pre/sysS/8.spectra,2,978,373,Corrent,Not Detect Early,Real
/root/autodl-tmp/syn/AMBA_filter_60_onefolder/genbuf_120_Pre/sysS/7.spectra,2,978,389,Corrent,Not Detect Early,Real
/root/autodl-tmp/syn/AMBA_filter_60_onefolder/genbuf_120_Pre/sysS/6.spectra,2,492,23,Corrent,Not Detect Early,Real
/root/autodl-tmp/syn/AMBA_filter_60_onefolder/genbuf_120_Pre/sysS/5.spectra,2,484,11,Corrent,Not Detect Early,Real
/root/autodl-tmp/syn/AMBA_filter_60_onefolder/genbuf_120_Pre/sysS/4.spectra,2,484,10,Corrent,Not Detect Early,Real
/root/autodl-tmp/syn/AMBA_filter_60_onefolder/genbuf_120_Pre/sysS/3.spectra,2,242,3,Corrent,Not Detect Early,Real
/root/autodl-tmp/syn/AMBA_filter_60_onefolder/genbuf_120_Pre/sysS/2.spectra,2,242,3,Corrent,Not Detect Early,Real
/root/autodl-tmp/syn/AMBA_filter_60_onefolder/genbuf_120_Pre/sysS/1.spectra,2,242,3,Corrent,Not Detect Early,Real
/root/autodl-tmp/syn/AMBA_filter_60_onefolder/genbuf_120_Pre/sysS/0.spectra,2,242,3,Corrent,Not Detect Early,Real
/root/autodl-tmp/syn/AMBA_filter_60_onefolder/genbuf_130_Pre/sysS/26.spectra,2,1600,18703,Corrent,Not Detect Early,Real
/root/autodl-tmp/syn/AMBA_filter_60_onefolder/genbuf_130_Pre/sysS/25.spectra,2,566,528,Corrent,Not Detect Early,Real
/root/autodl-tmp/syn/AMBA_filter_60_onefolder/genbuf_130_Pre/sysS/24.spectra,2,562,210,Corrent,Not Detect Early,Real
/root/autodl-tmp/syn/AMBA_filter_60_onefolder/genbuf_130_Pre/sysS/23.spectra,2,2124,4422,Corrent,Not Detect Early,Real
/root/autodl-tmp/syn/AMBA_filter_60_onefolder/genbuf_130_Pre/sysS/22.spectra,2,2130,4097,Corrent,Not Detect Early,Real
/root/autodl-tmp/syn/AMBA_filter_60_onefolder/genbuf_130_Pre/sysS/21.spectra,2,2900,4213,Corrent,Not Detect Early,Real
/root/autodl-tmp/syn/AMBA_filter_60_onefolder/genbuf_130_Pre/sysS/20.spectra,2,3178,12588,Corrent,Not Detect Early,Real
/root/autodl-tmp/syn/AMBA_filter_60_onefolder/genbuf_130_Pre/sysS/19.spectra,2,3178,11473,Corrent,Not Detect Early,Real
/root/autodl-tmp/syn/AMBA_filter_60_onefolder/genbuf_130_Pre/sysS/18.spectra,2,2634,25954,Corrent,Not Detect Early,Real
/root/autodl-tmp/syn/AMBA_filter_60_onefolder/genbuf_130_Pre/sysS/17.spectra,2,2634,3874,Corrent,Not Detect Early,Real
/root/autodl-tmp/syn/AMBA_filter_60_onefolder/genbuf_130_Pre/sysS/16.spectra,2,2634,3770,Corrent,Not Detect Early,Real
/root/autodl-tmp/syn/AMBA_filter_60_onefolder/genbuf_130_Pre/sysS/15.spectra,2,2634,3847,Corrent,Not Detect Early,Real
/root/autodl-tmp/syn/AMBA_filter_60_onefolder/genbuf_130_Pre/sysS/14.spectra,2,2634,24925,Corrent,Not Detect Early,Real
/root/autodl-tmp/syn/AMBA_filter_60_onefolder/genbuf_130_Pre/sysS/13.spectra,2,2900,3673,Corrent,Not Detect Early,Real
/root/autodl-tmp/syn/AMBA_filter_60_onefolder/genbuf_130_Pre/sysS/12.spectra,2,2900,3754,Corrent,Not Detect Early,Real
/root/autodl-tmp/syn/AMBA_filter_60_onefolder/genbuf_130_Pre/sysS/11.spectra,2,1850,136,Corrent,Not Detect Early,Real
/root/autodl-tmp/syn/AMBA_filter_60_onefolder/genbuf_130_Pre/sysS/10.spectra,2,1850,1534,Corrent,Not Detect Early,Real
/root/autodl-tmp/syn/AMBA_filter_60_onefolder/genbuf_130_Pre/sysS/9.spectra,2,1322,1323,Corrent,Not Detect Early,Real
/root/autodl-tmp/syn/AMBA_filter_60_onefolder/genbuf_130_Pre/sysS/8.spectra,2,1058,418,Corrent,Not Detect Early,Real
/root/autodl-tmp/syn/AMBA_filter_60_onefolder/genbuf_130_Pre/sysS/7.spectra,2,1058,407,Corrent,Not Detect Early,Real
/root/autodl-tmp/syn/AMBA_filter_60_onefolder/genbuf_130_Pre/sysS/6.spectra,2,532,26,Corrent,Not Detect Early,Real
/root/autodl-tmp/syn/AMBA_filter_60_onefolder/genbuf_130_Pre/sysS/5.spectra,2,524,12,Corrent,Not Detect Early,Real
/root/autodl-tmp/syn/AMBA_filter_60_onefolder/genbuf_130_Pre/sysS/4.spectra,2,524,12,Corrent,Not Detect Early,Real
/root/autodl-tmp/syn/AMBA_filter_60_onefolder/genbuf_130_Pre/sysS/3.spectra,2,262,3,Corrent,Not Detect Early,Real
/root/autodl-tmp/syn/AMBA_filter_60_onefolder/genbuf_130_Pre/sysS/2.spectra,2,262,4,Corrent,Not Detect Early,Real
/root/autodl-tmp/syn/AMBA_filter_60_onefolder/genbuf_130_Pre/sysS/1.spectra,2,262,3,Corrent,Not Detect Early,Real
/root/autodl-tmp/syn/AMBA_filter_60_onefolder/genbuf_130_Pre/sysS/0.spectra,2,262,4,Corrent,Not Detect Early,Real
/root/autodl-tmp/syn/AMBA_filter_60_onefolder/genbuf_80_Pre/sysS/26.spectra,2,1000,5647,Corrent,Not Detect Early,Real
/root/autodl-tmp/syn/AMBA_filter_60_onefolder/genbuf_80_Pre/sysS/25.spectra,2,366,213,Corrent,Not Detect Early,Real
/root/autodl-tmp/syn/AMBA_filter_60_onefolder/genbuf_80_Pre/sysS/24.spectra,2,362,85,Corrent,Not Detect Early,Real
/root/autodl-tmp/syn/AMBA_filter_60_onefolder/genbuf_80_Pre/sysS/23.spectra,2,1324,1223,Corrent,Not Detect Early,Real
/root/autodl-tmp/syn/AMBA_filter_60_onefolder/genbuf_80_Pre/sysS/22.spectra,2,1330,1236,Corrent,Not Detect Early,Real
/root/autodl-tmp/syn/AMBA_filter_60_onefolder/genbuf_80_Pre/sysS/21.spectra,2,1800,1168,Corrent,Not Detect Early,Real
/root/autodl-tmp/syn/AMBA_filter_60_onefolder/genbuf_80_Pre/sysS/20.spectra,2,1978,3305,Corrent,Not Detect Early,Real
/root/autodl-tmp/syn/AMBA_filter_60_onefolder/genbuf_80_Pre/sysS/19.spectra,2,1978,3350,Corrent,Not Detect Early,Real
/root/autodl-tmp/syn/AMBA_filter_60_onefolder/genbuf_80_Pre/sysS/18.spectra,2,1634,1246,Corrent,Not Detect Early,Real
