/root/autodl-tmp/syn/AMBA_filter_60_onefolder/amba_ahb_9_Pre/sysJ/16.spectra,TIME-OUT-30
/root/autodl-tmp/syn/AMBA_filter_60_onefolder/genbuf_120_Pre/sysJ/120.spectra,1,54,7552,Corrent,Not Detect Early,Real
/root/autodl-tmp/syn/AMBA_filter_60_onefolder/genbuf_120_Pre/sysJ/119.spectra,1,36,77,Corrent,Not Detect Early,Real
/root/autodl-tmp/syn/AMBA_filter_60_onefolder/genbuf_100_Pre/sysJ/100.spectra,1,54,9035,Corrent,Not Detect Early,Real
/root/autodl-tmp/syn/AMBA_filter_60_onefolder/genbuf_100_Pre/sysJ/99.spectra,1,36,4025,Corrent,Not Detect Early,Real
/root/autodl-tmp/syn/AMBA_filter_60_onefolder/genbuf_110_Pre/sysJ/110.spectra,1,54,10057,Corrent,Not Detect Early,Real
/root/autodl-tmp/syn/AMBA_filter_60_onefolder/genbuf_110_Pre/sysJ/109.spectra,1,36,5581,Corrent,Not Detect Early,Real
/root/autodl-tmp/syn/AMBA_filter_60_onefolder/genbuf_80_Pre/sysJ/80.spectra,1,54,2614,Corrent,Not Detect Early,Real
/root/autodl-tmp/syn/AMBA_filter_60_onefolder/genbuf_80_Pre/sysJ/79.spectra,1,36,2653,Corrent,Not Detect Early,Real
/root/autodl-tmp/syn/AMBA_filter_60_onefolder/genbuf_130_Pre/sysJ/130.spectra,1,54,7469,Corrent,Not Detect Early,Real
/root/autodl-tmp/syn/AMBA_filter_60_onefolder/genbuf_130_Pre/sysJ/129.spectra,1,36,8097,Corrent,Not Detect Early,Real
/root/autodl-tmp/syn/AMBA_filter_60_onefolder/genbuf_90_Pre/sysJ/90.spectra,1,54,3084,Corrent,Not Detect Early,Real
/root/autodl-tmp/syn/AMBA_filter_60_onefolder/genbuf_90_Pre/sysJ/89.spectra,1,36,3492,Corrent,Not Detect Early,Real
