/root/autodl-tmp/syn/AMBA_filter_60_onefolder_NEDU/amba_ahb_10_Pre/envJ/11.spectra,1,110,66958,Corrent,Detect Early,Real
/root/autodl-tmp/syn/AMBA_filter_60_onefolder_NEDU/amba_ahb_5_Pre/envJ/6.spectra,1,60,6194,Corrent,Detect Early,Real
/root/autodl-tmp/syn/AMBA_filter_60_onefolder_NEDU/amba_ahb_6_Pre/envJ/7.spectra,1,70,9492,Corrent,Detect Early,Real
/root/autodl-tmp/syn/AMBA_filter_60_onefolder_NEDU/amba_ahb_7_Pre/envJ/8.spectra,1,80,27805,Corrent,Detect Early,Real
/root/autodl-tmp/syn/AMBA_filter_60_onefolder_NEDU/amba_ahb_8_Pre/envJ/9.spectra,1,90,35256,Corrent,Detect Early,Real
/root/autodl-tmp/syn/AMBA_filter_60_onefolder_NEDU/amba_ahb_9_Pre/envJ/10.spectra,1,100,39436,Corrent,Detect Early,Real
/root/autodl-tmp/syn/AMBA_filter_60_onefolder_NEDU/genbuf_100_Pre/envJ/2.spectra,1,2262,1038371,Corrent,Not Detect Early,Real
/root/autodl-tmp/syn/AMBA_filter_60_onefolder_NEDU/genbuf_120_Pre/envJ/2.spectra,1,2702,923418,Corrent,Not Detect Early,Real
/root/autodl-tmp/syn/AMBA_filter_60_onefolder_NEDU/genbuf_110_Pre/envJ/2.spectra,1,2482,734048,Corrent,Not Detect Early,Real
/root/autodl-tmp/syn/AMBA_filter_60_onefolder_NEDU/genbuf_130_Pre/envJ/2.spectra,1,2922,3197165,Corrent,Not Detect Early,Real
/root/autodl-tmp/syn/AMBA_filter_60_onefolder_NEDU/genbuf_80_Pre/envJ/2.spectra,1,1822,205586,Corrent,Not Detect Early,Real
/root/autodl-tmp/syn/AMBA_filter_60_onefolder_NEDU/genbuf_90_Pre/envJ/2.spectra,1,2042,901430,Corrent,Not Detect Early,Real
