/root/autodl-tmp/syn/AMBA_filter_60_onefolder_NEDU/amba_ahb_10_Pre/envJ/11.spectra,1,330,73562,Corrent,Not Detect Early,Real
/root/autodl-tmp/syn/AMBA_filter_60_onefolder_NEDU/amba_ahb_5_Pre/envJ/6.spectra,1,120,6110,Corrent,Not Detect Early,Real
/root/autodl-tmp/syn/AMBA_filter_60_onefolder_NEDU/amba_ahb_6_Pre/envJ/7.spectra,1,154,12815,Corrent,Not Detect Early,Real
/root/autodl-tmp/syn/AMBA_filter_60_onefolder_NEDU/amba_ahb_7_Pre/envJ/8.spectra,1,192,23878,Corrent,Not Detect Early,Real
/root/autodl-tmp/syn/AMBA_filter_60_onefolder_NEDU/amba_ahb_8_Pre/envJ/9.spectra,1,234,29876,Corrent,Not Detect Early,Real
/root/autodl-tmp/syn/AMBA_filter_60_onefolder_NEDU/amba_ahb_9_Pre/envJ/10.spectra,1,280,74547,Corrent,Not Detect Early,Real
/root/autodl-tmp/syn/AMBA_filter_60_onefolder_NEDU/genbuf_100_Pre/envJ/2.spectra,1,2262,1517994,Corrent,Not Detect Early,Real
/root/autodl-tmp/syn/AMBA_filter_60_onefolder_NEDU/genbuf_120_Pre/envJ/2.spectra,1,2702,896737,Corrent,Not Detect Early,Real
/root/autodl-tmp/syn/AMBA_filter_60_onefolder_NEDU/genbuf_110_Pre/envJ/2.spectra,1,2482,722838,Corrent,Not Detect Early,Real
/root/autodl-tmp/syn/AMBA_filter_60_onefolder_NEDU/genbuf_130_Pre/envJ/2.spectra,TIME-OUT-30
/root/autodl-tmp/syn/AMBA_filter_60_onefolder_NEDU/genbuf_80_Pre/envJ/2.spectra,1,1822,570620,Corrent,Not Detect Early,Real
/root/autodl-tmp/syn/AMBA_filter_60_onefolder_NEDU/genbuf_90_Pre/envJ/2.spectra,1,2042,784473,Corrent,Not Detect Early,Real
